pmid,year,n_tokens,n_unique_unigrams,n_unique_bigrams,n_mesh,n_mesh_pairs,n_new_unigrams,n_new_bigrams,n_new_mesh,n_new_mesh_pairs,share_new_unigrams,share_new_bigrams,share_new_mesh,share_new_mesh_pairs,examples_new_unigrams,examples_new_bigrams,examples_new_mesh
26627706,2016,168,106,146,17,136,26,134,4,89,0.24528301886792453,0.9178082191780822,0.23529411764705882,0.6544117647058824,acid-induced; activator; app695; diets; differentially; dmgs; dmrs; folate-deficient,absence effective; acid alters; acid gene; acid jak-stat; acid mol; acid supplementation; acid up-regulated; acid-induced dmgs,"Cell Line, Tumor; Janus Kinases; Long-Term Synaptic Depression; STAT Transcription Factors"
26611835,2016,159,104,146,13,78,23,122,2,40,0.22115384615384615,0.8356164383561644,0.15384615384615385,0.5128205128205128,cis; clathrin; cochran; controversial; funnel; phosphatidylinositol; plots; protein-associated,allele rs3851179; among included; analyses implemented; assembly protein; assess heterogeneity; associated databases; associated decreased; associated four,"Models, Genetic; Publication Bias"
26611832,2016,112,78,106,18,153,12,88,2,74,0.15384615384615385,0.8301886792452831,0.1111111111111111,0.48366013071895425,accordingly; adjacent; ank1; ankyrin; cpg; dominant; hypermethylated; neuropathology,accordingly ank1; adjacent cpg; adjusting age; age-matched healthy; allele adjusting; allele rs515071; ank1 gene; ank1 late-onset,Ankyrins; Demography
26558630,2016,218,140,191,17,136,28,170,4,87,0.2,0.8900523560209425,0.23529411764705882,0.6397058823529411,act; appswe; bace1; belong; biogenesis; c-jun; coactivator-1; deficient,accompanied reduction; act mediators; addition protein; affecting cognitive; alterations amyloidogenic; amyloidogenic pathway; animals furthermore; animals indicates,Gene Expression Profiling; Glial Fibrillary Acidic Protein; Heterozygote; Mitogen-Activated Protein Kinase 8
26537901,2016,118,91,113,7,21,15,106,1,10,0.16483516483516483,0.9380530973451328,0.14285714285714285,0.47619047619047616,adenosine; atp; bioenergetic; carries; coupling; dinucleotide; electrons; i-iv,additional integral; adenosine triphosphate; affected furthermore; agents organized; altered alzheimer; apparent mitochondria; area research; atp additional,Electron Transport
26510741,2016,129,96,126,14,91,18,101,7,72,0.1875,0.8015873015873016,0.5,0.7912087912087912,autophagy; becn1; belonged; cdkn2a; clu; clusterin; cytoscape; integrator,additionally genes; alterations phase; altered blood; analysis cytoscape; analyzed detected; analyzed whole; autophagy mitochondria; becn1 cdkn2a,Beclin-1; Cyclin-Dependent Kinase Inhibitor p16; Cyclin-Dependent Kinase Inhibitor p18; Gene Expression Profiling; Gene Regulatory Networks
26337250,2016,149,82,125,22,231,18,97,3,134,0.21951219512195122,0.776,0.13636363636363635,0.5800865800865801,ad-cei; antidiabetic; c-reactive; crp; dm-oad; enzyme-linked; factor-alpha; geriatr,ad-cei dm-oad; ad-cei group; ad-cei treatment; ad-cei without; age-matched control; agents dm-oad; aim present; antidiabetic agents,C-Reactive Protein; Interleukin-6; Tumor Necrosis Factor-alpha
27504690,2016,101,71,91,5,10,19,83,2,7,0.2676056338028169,0.9120879120879121,0.4,0.7,act; analytic; family-centered; filial; firo; geographic; guided; intensify,abilities expressions; act filial; affected family; among family; analytic induction; around care; based abilities; based geographic,Family Relations; Occupational Therapy
27419676,2015,61,41,52,3,3,3,44,1,2,0.07317073170731707,0.8461538461538461,0.3333333333333333,0.6666666666666666,creative; csm; mobilization,activate memories; alzheimer member; approach creative; categories emerged; consequences alzheimer; creative sensitive; csm participation; development process,Family Relations
27345793,2016,75,52,66,18,153,22,58,7,131,0.4230769230769231,0.8787878787878788,0.3888888888888889,0.8562091503267973,body-based; c-myc; embryoid; embryonic; episomal; germ; integration-free; l-myc,based expression; body-based differentiation; c-myc l-myc; cell line; cell types; cells employing; cells male; cells retained,Cell Differentiation; Cellular Reprogramming; DNA Mutational Analysis; Embryoid Bodies; Induced Pluripotent Stem Cells
27345792,2016,76,60,69,19,171,19,63,9,150,0.31666666666666665,0.9130434782608695,0.47368421052631576,0.8771929824561403,co-electroporation; contained; episomal; fibroblasts; germ; hairpin; hklf4; hl-myc,carrying l150p; cells ipscs; co-electroporation episomal; contained specific; containing hoct4; differentiation potential; disease ipscs; displayed vitro,Cell Differentiation; Cellular Reprogramming; DNA Mutational Analysis; Induced Pluripotent Stem Cells; Karyotype
27305963,2016,161,121,155,16,120,23,143,4,93,0.19008264462809918,0.9225806451612903,0.25,0.775,apoptosis-mediating; attracted; born; co-crystal; crystal; dock; e-pharmacophore; e-pharmacophore-based,alleviates memory; among lead1; antagonist gsk-3; apoptosis-mediating production; area comparing; attention recent; attracted significant; based energy,"Crystallography, X-Ray; Glycogen Synthase Kinase 3 beta; Small Molecule Libraries; User-Computer Interface"
27304664,2016,8,8,7,4,6,1,5,0,1,0.125,0.7142857142857143,0.0,0.16666666666666666,big,big decision; decision living; early onset; living early; onset familial,
27215014,2015,153,117,144,7,21,11,126,1,6,0.09401709401709402,0.875,0.14285714285714285,0.2857142857142857,epidemiologically; extends; fatigue; inexpensive; mic; olfaction; olfactory; physiologically,already severely; areas extends; available methods; background biological; basis olfaction; behavioral olfactory; biological characteristics; brain already,Olfaction Disorders
27168412,2015,105,79,100,18,153,14,83,8,113,0.17721518987341772,0.83,0.4444444444444444,0.738562091503268,al-treated; aluminium; intraperitoneal; looked; ltp; ltps; neuropathology; pathologic,according findings; administration low; administration several; al-treated control; al-treated rats; aluminium rat; aluminium resembles; amplitude according,"Aluminum; Electrophysiological Phenomena; Excitatory Postsynaptic Potentials; Immunohistochemistry; Injections, Intraperitoneal"
27148797,2016,171,94,140,19,171,8,107,0,39,0.0851063829787234,0.7642857142857142,0.0,0.22807017543859648,in-laws; income; lod; married; revision; son; strain; unmarried,according diagnostic; adjusted lod; adjusted study; age caregivers; although burden; analyzed significant; assessed zarit; associated poor,
27133418,2016,156,119,146,4,6,33,134,1,3,0.2773109243697479,0.9178082191780822,0.25,0.5,antiinflammatory; blunt; coa; coenzyme; deplete; farnesyl; foods; formulations,activities tocotrienols; activity tocotrienols; amyloid generation; antiinflammatory activity; approach prevention; binding protein-2; bioavailability offer; block processing,Tocotrienols
27125025,2015,86,66,81,9,36,7,71,0,6,0.10606060606060606,0.8765432098765432,0.0,0.16666666666666666,alpha7-type; bulbectomized; intranasal; nonstructural; prion; repeating; x-ray,ability improve; according x-ray; acetylcholine receptor; activity improving; activity peptides; administration without; alpha7-type prion; beta-amyloid cell,
27099889,2015,1,1,0,5,10,1,0,0,0,1.0,0.0,0.0,0.0,editorial,,
27089691,2015,3,3,2,3,3,0,0,0,0,0.0,0.0,0.0,0.0,,,
27061321,2016,123,111,120,15,105,8,100,2,74,0.07207207207207207,0.8333333333333334,0.13333333333333333,0.7047619047619048,achievements; cover; deciphering; genomics; heritability; proteomics; realized; upsetting,ability meet; accurate differential; achievements deciphering; affected neurodegeneration; affects younger; although early; available clinicians; biochemical pathways,"Electrophoresis, Gel, Two-Dimensional; Tandem Mass Spectrometry"
27044136,2015,101,79,96,9,36,9,84,1,18,0.11392405063291139,0.875,0.1111111111111111,0.5,enriched; ethanolamine; glial; myth; plasmalogens; pls; plsetn; safeguard,activation focusing; activation induced; ageing neuroinflammation; ageing stress; ameliorate microglial; bioactive lipids; brain first; brain now,Plasminogen
27034741,2016,36,28,34,7,21,1,27,1,6,0.03571428571428571,0.7941176470588235,0.14285714285714285,0.2857142857142857,plant-based,age-related neurodegenerative; amyloid metabolism; carefully detail; complex age-related; compounds alzheimer; compounds therapeutics; consider role; consider various,"Drug Evaluation, Preclinical"
27000306,2016,102,60,80,13,78,8,62,1,21,0.13333333333333333,0.775,0.07692307692307693,0.2692307692307692,antipsychotic-na; forty; hallucination; k-npi; misidentification; non-psychosis; subtypes; vbm,acquired scanner; analysis misidentification; analyzed voxel-based; antipsychotic-na mild; assessed cognitive; assessed delusion; associated less; associated severe,Gray Matter
26985502,2015,4,4,3,12,66,0,3,2,29,0.0,1.0,0.16666666666666666,0.4393939393939394,,dementia diseases; multidimensional prevention; prevention dementia,Combined Modality Therapy; Feeding Behavior
26985473,2015,2,2,1,7,21,0,1,2,11,0.0,1.0,0.2857142857142857,0.5238095238095238,,author response,Immunoglobulin G; Tumor Necrosis Factor-alpha
26981556,2016,132,105,128,7,21,28,117,2,13,0.26666666666666666,0.9140625,0.2857142857142857,0.6190476190476191,authorities; coi; coi-estimates; computable; cost-of-illness; demographic; derives; discounted,ad-related care; ad-related prevalence; aging workforce; analyzed simulated; annual predicted; approaches cost-of-illness; authorities target; benefit effective,"Gross Domestic Product; Models, Economic"
26973100,2016,101,82,97,16,120,13,86,3,68,0.15853658536585366,0.8865979381443299,0.1875,0.5666666666666667,accumulates; damages; fibrils-induced; glial; ht1a; mppf; neurogenesis; paralleled,accumulates suggesting; amyloid-beta fibrils; astrocytes showed; autoradiography revealed; axonal sprouting; brain evidence; brains days; caused pathophysiological,"Immunohistochemistry; Injections; Receptors, Serotonin, 5-HT1"
26964327,2015,53,41,49,7,21,3,37,0,5,0.07317073170731707,0.7551020408163265,0.0,0.23809523809523808,concentrated; endanger; intensified,aging problem; analyzed prospect; assessment alzheimer; assessment means; becoming significant; concentrated research; current situation; dementia senile,
26964294,2015,138,87,124,10,45,12,102,2,27,0.13793103448275862,0.8225806451612904,0.2,0.6,alpha-band; channels; coefficients; converted; eyes-closed; full-band; graphs; matrices,abnormal changes; alpha-band data; alpha-band resting-state; alpha-band threshold; appropriate treatments; associated abnormal; based synchronization; binary graphs,Probability; Rest
26953371,2015,41,35,37,12,66,9,36,5,51,0.2571428571428571,0.972972972972973,0.4166666666666667,0.7727272727272727,analgesics; aspirin; disadvantages; interventional; meant; multimorbid; nsaid; opioids,address relevant; advantages disadvantages; analgesics highlighted; article meant; aspirin advantages; clinical questions; disadvantages frequently; frequently prescribed,"Analgesics; Analgesics, Opioid; Drug Interactions; Nerve Block; Pain Management"
26947052,2016,158,110,148,17,136,16,122,0,31,0.14545454545454545,0.8243243243243243,0.0,0.22794117647058823,ancestry; ashkenazi; copies; demographic; gwas; implementing; integrator; israeli,addition apoe; additional potential; affected sample; allele genotype; allele genotypes; although preliminary; among ashkenazi; among t2d,
26923416,2016,104,73,91,17,136,18,80,4,86,0.2465753424657534,0.8791208791208791,0.23529411764705882,0.6323529411764706,apes; aquariums-accredited; beringei; captive; captivity; coiled; disease-type; gorilla,age-related events; age-related increase; age-related pathologies; aged great; aged wild; alzheimer disease-type; american zoos; animals demonstrate,"Animals, Wild; Animals, Zoo; Gorilla gorilla; Oligodendroglia"
26923415,2016,112,84,107,16,120,15,90,2,66,0.17857142857142858,0.8411214953271028,0.125,0.55,doxycycline; hallmark; multiparametric; pathologic; pathology-a; proton; rtg4510; served,accumulation suppression; altered doxycycline; amide proton; atrophy discernible; atrophy treated; differences amide; different time; discernible months,Doxycycline; Tauopathies
26923413,2016,157,92,129,20,190,10,103,1,74,0.10869565217391304,0.7984496124031008,0.05,0.3894736842105263,compromises; cortices; logical; neurobiologic; ranging; sizes; thinner; val,adas-cog semantic; addition effect; aging genetic; aging mild; apoe gene; assessments carried; bdnf genotype; bdnf met,Heterozygote
26923412,2016,110,77,97,9,36,17,92,2,15,0.22077922077922077,0.9484536082474226,0.2222222222222222,0.4166666666666667,auditory; discretely; factorial; fmri; governing; hubs; insula; interface,accompany alzheimer; addressed sparse; age-matched individuals; altered brain; analysis accompany; analysis suggest; associated loss; auditory location,Pitch Perception; Spatial Processing
26923411,2016,98,72,92,14,91,9,79,2,50,0.125,0.8586956521739131,0.14285714285714285,0.5494505494505495,assistant; eligible; icf; icfs; partner; recruitment; requirement; scan,amyloid eligible; amyloid positron; amyloid status; assistant found; barrier recruitment; biomarker disclosure; biomarker enrollment; blinded enrollment,Amyloidogenic Proteins; Disclosure
26923405,2016,127,90,117,20,190,16,101,4,145,0.17777777777777778,0.8632478632478633,0.2,0.7631578947368421,acetyltransferase; ameliorative; anomalies; app-ctf; bace1; blocked; blocks; cleaving,abnormalities although; abnormalities cholinergic; acetyltransferase chat; ad-related pathological; additional potential; age-related endosome; allele blocked; alter peptide,"Aspartic Acid Endopeptidases; Gene Deletion; Mice, Inbred C3H; Septal Nuclei"
26923404,2016,120,88,108,15,105,16,92,2,39,0.18181818181818182,0.8518518518518519,0.13333333333333333,0.37142857142857144,abca7; array; beadchip; explicit; hits; illumina; map-wise; ms4a6a,abca7 ms4a6a; abca7 peripheral; abca7 rs3764650; array data; array illumina; associated cortical; associations cortical; associations top,ATP-Binding Cassette Transporters; Genetic Variation
26923399,2016,101,83,100,19,171,14,87,6,121,0.1686746987951807,0.87,0.3157894736842105,0.7076023391812866,acetoacetate; beta-hydroxybutyrate; blocked; earliest; epilepsy; hallmark; ketone; ketones,ability symptomatic; accumulation rescued; acetoacetate reported; activity epilepsy; administration ketones; alzheimer model; amyloid accumulation; amyloid entry,"3-Hydroxybutyric Acid; Acetoacetates; Depression, Chemical; Ketone Bodies; NADH Dehydrogenase"
26923398,2016,178,99,145,13,78,14,124,1,35,0.1414141414141414,0.8551724137931035,0.07692307692307693,0.44871794871794873,amylin; clamp; counterbalanced; crosses; disposal; homa-ir; homeostatic; hyperinsulinemic,additional task; administered counterbalanced; age body; although insulin; although role; amylin difference; assessed hyperinsulinemic-euglycemic; assessed insulin,Insulin Resistance
26920688,2016,164,110,150,8,28,19,132,1,12,0.17272727272727273,0.88,0.125,0.42857142857142855,aggravate; channel; channelopathies; channels; convergent; defective; dysfunctioning; eliciting,aberrant ion; age-related disorders; aggravate disease; altered function; associated factors; behind ndds; behind neurological; caused due,Ion Channels
26912076,2015,43,36,40,4,6,13,40,0,0,0.3611111111111111,1.0,0.0,0.0,achievements; bio-based; biotechnologies; biotechnology; brings; editorial; exiting; readers,achievements healthcare; actual problems; addressing society; always brings; articles spontaneous; better utilization; bio-based economy; biotechnologies readers,
26904853,2015,72,49,67,8,28,3,48,1,14,0.061224489795918366,0.7164179104477612,0.125,0.5,alternations; enhancer; leptin,accompanied alternations; aging accompanied; aging brain; aging mild; aging normal; alternations brain; associated normal; cognition older,Leptin
26900568,2016,151,108,136,11,55,17,119,2,25,0.1574074074074074,0.875,0.18181818181818182,0.45454545454545453,accordance; apply; correlating; default; elastography; fmri; gain; mre,accordance known; across alzheimer; additional analysis; altered functional; apply recently; areas correlates; associated altered; biomarker variety,Elasticity Imaging Techniques; Neural Pathways
26892326,2016,93,67,89,16,120,12,64,0,45,0.1791044776119403,0.7191011235955056,0.0,0.375,addendum; aid; antemortem; correctly; estimates; f18; fbp-pet; florbetapir,addendum analyzed; aid dementia; amyloid neuroimaging; analyzed baseline; antemortem even; antemortem patients; autopsy diagnosis; baseline clinical,
26884824,2015,139,77,112,25,300,24,100,7,191,0.3116883116883117,0.8928571428571429,0.28,0.6366666666666667,aca; allelotype; ata; desorption-ionization; hunan; kallikrein; kallikrein-kinin; kinin,aca tca; ace groups; ace rs4291; aimed determine; allelotype distributions; among distribution; amplification matrix-assisted; analysis confirmed,Heterozygote; Homozygote; Kallikreins; Kininogens; Peptidyl-Dipeptidase A
26882521,2015,8,8,7,3,3,1,6,0,0,0.125,0.8571428571428571,0.0,0.0,pharmacotherapies,brief pharmacotherapies; cochrane review; disturbances alzheimer; pharmacotherapies sleep; review brief; sleep disturbances,
26881039,2016,102,85,96,19,171,7,74,7,135,0.08235294117647059,0.7708333333333334,0.3684210526315789,0.7894736842105263,art; excitotoxicity; neurochemical; nitrogen; paraplegia; redox; spastic,actions neurodegenerative; aging reason; along inflammation; answer state; art redox; axonal damage; basal conditions; causing excitotoxicity,Central Nervous System; Ions; Metals; Oxygen; Oxygen Consumption
26878581,2015,101,85,100,7,21,9,92,1,9,0.10588235294117647,0.92,0.14285714285714285,0.42857142857142855,broadened; concurrently; elaborated; impedes; inside; peculiarities; propagation; tau-protein,action endogenous; agents considered; analyze issues; bases pathogenesis; basic mechanisms; becomes clear; beginning interaction; believed play,Prions
29374986,2018,81,60,76,11,55,10,67,1,16,0.16666666666666666,0.881578947368421,0.09090909090909091,0.2909090909090909,constructed; contentment; conversations; lifelong; lifestyles; line; meaningful; pride,able reason; activity research; alzheimer research; analyzed qualitative; cause gaining; constructed contributing; content analysis; contentment pride,Research Subjects
28920384,2016,159,70,114,12,66,7,74,1,25,0.1,0.6491228070175439,0.08333333333333333,0.3787878787878788,activating; decapitated; gsk3; p-gsk3; prolonged; puerarin; ser9,activating gsk3; administered month; alleviates cognitive; animals decapitated; assessed western; behavioral test; blot morris; cortex app,Isoflavones
28914035,2016,126,85,113,10,45,19,99,3,26,0.2235294117647059,0.8761061946902655,0.3,0.5777777777777777,differentially; estradiol; estrogen; ethyl; ethylacetate; extraction; extractionfrom; heat,according weight; acetate extraction; administration lasted; aimed investigate; analysis different; associated differences; brain protection; compared mice,Ovariectomy; Proteome; Rubus
28914032,2016,179,76,118,14,91,8,74,3,40,0.10526315789473684,0.6271186440677966,0.21428571428571427,0.43956043956043955,bace1; bace1proteinexpressionlevelswere; c57bl; diluted; five-month-old; hyperforin; rosiglitazone; thatas,abilities app; ability improved; ability model; ability significantly; ability tested; addition c57bl; administrated months; amyloid plaque,Aspartic Acid Endopeptidases; Phloroglucinol; Terpenes
28752156,2016,166,120,152,10,45,27,139,1,22,0.225,0.9144736842105263,0.1,0.4888888888888889,accounting; adjacent; confound; cortices; cross-validation; datasets; desirable; erc,absolute terms; accounting confound; accuracy agreement; adjacent meninges; agreement volume; algorithm cross-validation; algorithms algorithm; along adjacent,Perirhinal Cortex
28700160,2016,1,1,0,6,15,0,0,2,10,0.0,0.0,0.3333333333333333,0.6666666666666666,,,Marijuana Smoking; Materia Medica
28696645,2016,1,1,0,4,6,0,0,1,3,0.0,0.0,0.25,0.5,,,Drug Therapy
28696595,2016,59,46,55,6,15,4,41,0,4,0.08695652173913043,0.7454545454545455,0.0,0.26666666666666666,complication; non-reversible; options; well-established,access palliative; advanced stage; affected individuals; approach therapeutic; cause morbidity; common complication; complication patients; consequences affected,
28677934,2016,1,1,0,5,10,0,0,3,9,0.0,0.0,0.6,0.9,,,Drug Overdose; Marijuana Smoking; Zika Virus Infection
28671332,2017,139,91,127,16,120,11,101,2,60,0.12087912087912088,0.7952755905511811,0.125,0.5,betaine; hcy; hyperhomocysteine; il-l; memory-related; mna-sf; pp2ac; statuses,accumulation levels; activity inhibited; adas-cog significant; adas-cog suggested; aimed analyze; ameliorate memory; analyze relationship; assay western,Betaine; Hyperhomocysteinemia
28670650,2016,114,92,109,18,153,17,93,4,76,0.18478260869565216,0.8532110091743119,0.2222222222222222,0.49673202614379086,applying; computer; contrasting; convex; datasets; diverging; elucidating; hindered,accelerated type; aims characterize; alleviate shortcoming; among controls; among normal; analyses hindered; applying imaging; approach simultaneously,"Confounding Factors, Epidemiologic; Control Groups; Datasets as Topic; Diagnosis, Computer-Assisted"
28664199,2016,95,74,91,13,78,13,82,1,21,0.17567567567567569,0.9010989010989011,0.07692307692307693,0.2692307692307692,bandlimited; captures; curse; descriptors; diffeomorphisms; dimensionality; geodesic; image-based,adni database; analysis anatomical; analysis bandlimited; analysis ppga; anatomical shape; anatomical variability; approaches tangent; bandlimited low-dimensional,"Models, Statistical"
28644588,2016,103,78,98,7,21,11,83,0,5,0.14102564102564102,0.8469387755102041,0.0,0.23809523809523808,accredited; cohorts1; consensus; ensure; irish; lumbar; phospho; puncture,accepted lumbar; accredited made; amyloid total; analysis dementia; analysis support; application cerebrospinal; appropriate biomarker; available clinically,
28580458,2016,109,80,104,12,66,13,86,0,11,0.1625,0.8269230769230769,0.0,0.16666666666666666,densely; fusion; kernel-learning; kernels; lasso; modalities; penalty; redundant,according modalities; accuracy discovered; across modalities; adni database; based alzheimer; based method; based methods; clearly improved,
28558900,2017,106,77,102,12,66,8,82,2,31,0.1038961038961039,0.803921568627451,0.16666666666666666,0.4696969696969697,clathrin; clu; clusterin; indian; phosphatidylinositol; rs3851179; rs429358; rs7412,additional snps; adjusting age; apoe associated; apoe clusterin; apoe rs7412; assembly protein; associated adjusting; association apolipoprotein,Clusterin; India
28553788,2018,116,72,96,14,91,13,90,2,36,0.18055555555555555,0.9375,0.14285714285714285,0.3956043956043956,coefficients; confluence; fair; influencing; kappa; mechanism-driven; mechanistically; parsed,activity associated; activity data; activity includes; activity modifiable; activity questionnaire; age social; aging preserved; agreement correlation,Registries; Verbal Behavior
28553786,2017,96,63,86,12,66,9,74,1,24,0.14285714285714285,0.8604651162790697,0.08333333333333333,0.36363636363636365,aware; lagged; mastery; middle-aged; pervasive; practitioners; sub; summative,adult children; affect psychological; affect well-being; ages sub; among middle-aged; associated lower; aware potentially; children controls,New England
28530341,2016,120,78,111,7,21,10,92,2,13,0.1282051282051282,0.8288288288288288,0.2857142857142857,0.6190476190476191,actigraph; continually; hospitalized; multi-sensory; newest; nights; non-dominant; reads,actigraph common; actigraph reads; addition cognitive; addition pharmacological; alzheimer currently; alzheimer multi-sensory; apathy anxiety; appears onset,Anxiety Disorders; Sleep
28530001,2016,111,84,103,10,45,9,87,0,18,0.10714285714285714,0.8446601941747572,0.0,0.4,brain-wide; bw-gwa; explicitly; genome; low-rank; playing; root-mean-square; sequences,achieved performance; advances neuroimaging; among phenotypes; association bw-gwa; associations advances; associations studies; associations work; average terms,
28499566,2017,120,70,101,11,55,9,84,0,6,0.12857142857142856,0.8316831683168316,0.0,0.10909090909090909,chi-square; convenience; demographic; exposes; fisher; posttest; pretest; robinson,analysis variance; analyzed chi-square; care caregiver; care exposes; care reduce; care strain; caregiver high; caregiver strain,
28480351,2016,139,82,122,14,91,20,107,1,33,0.24390243902439024,0.8770491803278688,0.07142857142857142,0.3626373626373626,administering; amorphophallus; anesthetized; apparatus; avoidance; campanulatus; cat; concludes,ache brain; ache histopathological; action induced; administering streptozotocin; alteration behavior; alzheimer diseased; amorphophallus campanulatus; amyloid plaque,Amorphophallus
28479898,2016,211,108,166,16,120,18,138,3,69,0.16666666666666666,0.8313253012048193,0.1875,0.575,badly; bodily; destructive; factor-alpha; fects; forty; hrql; il-6,abilities activities; addition increase; adl physical; aerobic exercises; alzheimer elderly; alzheimer forty; assessment tumor; available persons,Interleukin-6; Mental Health; Tumor Necrosis Factor-alpha
28452626,2017,88,73,85,12,66,21,81,2,40,0.2876712328767123,0.9529411764705882,0.16666666666666666,0.6060606060606061,advocate; balancing; completion; conservator; conservatorship; court; court-appointed; guardian,ability manage; addresses issue; advocate enhancing; affairs case; among elders; article evaluates; article outlines; assigned permanent,Economics; Elder Abuse
28446411,2016,109,56,83,7,21,8,59,1,10,0.14285714285714285,0.7108433734939759,0.14285714285714285,0.47619047619047616,adiponectin; enzyme-linked; immunosorbent; ninety; ofad; ofadiponectin; saccording; sthan,adiponectin level; adiponectin levels; among subgroups; assay serum; associated degree; conducted patients; correlated mmse; correlation patients,Adiponectin
28413002,2017,74,53,59,14,91,14,52,8,81,0.2641509433962264,0.8813559322033898,0.5714285714285714,0.8901098901098901,germ; ipsc; karyotype; kmos; line; mononuclear; pbmcs; pluripotency,blood collected; blood mononuclear; cell ipsc; cells pbmcs; characterization human; clinically diagnosed; collected clinically; diagnosed year,Cell Differentiation; Cellular Reprogramming; Genetic Vectors; Germ Layers; Induced Pluripotent Stem Cells
28386606,2016,147,91,126,12,66,17,115,1,17,0.18681318681318682,0.9126984126984127,0.08333333333333333,0.25757575757575757,computer-assisted; exclusively; graph-based; gtl; guarantee; incorporate; iteratively; learned,accuracy address; accuracy robustness; achieve pgtl; achieved mri; address issue; approaches first; based similarities; brain disorder,Machine Learning
28382615,2016,165,123,152,5,10,28,133,1,4,0.22764227642276422,0.875,0.2,0.4,amyloidopathy; ataxic; atrophy-cerebellar; autonomic; axial; bun; cross; exerted,abilities screening; abstract thinking; additional neurotoxicity; amyloidopathy classified; amyloidopathy tauopathy; ataxic gait; atrophy hot; atrophy otherwise,Multiple System Atrophy
28382610,2016,148,117,135,6,15,36,121,2,10,0.3076923076923077,0.8962962962962963,0.3333333333333333,0.6666666666666666,acetaldehyde; acrolein; activators; adductions; alcohol; alda-1; aldas; aldehyde,acetaldehyde readily; acids lipid; acrolein acetaldehyde; activators aldas; activity aldehyde; adductions proteins; alcohol food; alda-1 reduces,"Aldehyde Dehydrogenase, Mitochondrial; Aldehydes"
28380707,2018,112,86,106,11,55,25,104,4,38,0.29069767441860467,0.9811320754716981,0.36363636363636365,0.6909090909090909,articulated; cadre; ccc; confident; creating; experiential; fidelity; fidelity-focused,achieved master; addressing serious; adherence competence; article provides; articulated model; assessments practitioners; cadre practitioners; caregiver program,"Education, Nonprofessional; Program Development; Self Efficacy; Teacher Training"
28363452,2017,306,161,267,11,55,37,253,2,33,0.22981366459627328,0.947565543071161,0.18181818181818182,0.6,ancestral; bayesian-score; bayesian-scoring; causal; checks; conservative; consistency; constraint-based,able better; accuracy find; addition dcl; addition extend; advance causal; aims developing; algorithm called; algorithm direct,Machine Learning; Patient Outcome Assessment
28341066,2017,106,65,96,8,28,7,80,1,10,0.1076923076923077,0.8333333333333334,0.125,0.35714285714285715,consensus; counseling; outperform; post-biomarker; prebiomarker; sub; workup,add-on clinical; ambiguous csf; amyloid sub; application cerebrospinal; article presents; assessment development; based available; based grading,MEDLINE
28341065,2017,91,61,85,7,21,6,75,1,7,0.09836065573770492,0.8823529411764706,0.14285714285714285,0.3333333333333333,consensus; operational; outperform; recommendation; sub; supplement,ambiguous csf; amyloid sub; application cerebrospinal; article presents; assessment development; atypical cases; based available; based grading,"Databases, Bibliographic"
28341039,2017,141,73,113,12,66,6,77,0,14,0.0821917808219178,0.6814159292035398,0.0,0.21212121212121213,assignment; bndf; confounding; correspond; kit; regardless,adjustment confounding; advanced age; age low; alterations brain-derived; analyzed elisa; assessed separately; assignment found; associated decreased,
28340952,2017,56,35,49,18,153,9,36,7,123,0.2571428571428571,0.7346938775510204,0.3888888888888889,0.803921568627451,coq2; dj1; hapa9; hspa9; mitochondria-related; mortalin; parkin; pink1,assessed genetic; association mortalin; association risk; coq2 risk; direct sequencing; diseases investigated; dj1 coq2; evidence role,Alkyl and Aryl Transferases; Genetic Variation; HSP70 Heat-Shock Proteins; Mitochondrial Proteins; PTEN-Induced Putative Kinase
28293044,2016,76,70,74,7,21,9,58,0,7,0.12857142857142856,0.7837837837837838,0.0,0.3333333333333333,adult-onset; classical; companies; expensive; mab; neuropathogenesis; pharmacologic; prototypes,adult-onset characterized; amyloid-beta immunotherapy; antibodies mab; approaches modify; article will; aspects neuropathogenesis; brain slow; characterized progressive,
28292186,2017,127,80,109,20,190,11,99,3,90,0.1375,0.908256880733945,0.15,0.47368421052631576,attracted; epitope; extensively; fancy; maybe; pe3-15; pe3-42; pe3-x,abundant patients; active immunotherapy; addition sub; aggregation addition; amyloid generates; amyloid immunotherapy; antibodies targeting; antibody response,"Amyloidogenic Proteins; Mice, Inbred BALB C; Reaction Time"
28292185,2017,152,109,135,15,105,30,124,3,72,0.27522935779816515,0.9185185185185185,0.2,0.6857142857142857,a2t; atomistic; burial; contacts; cross-interaction; dimer; dimers; engaged,a2t hetero; a2t heterodimer; a2t mutation; a2t n-terminus; a2t sub; a2t variants; aggregation toxic; alters sub,Amino Acid Substitution; Monte Carlo Method; Threonine
28286884,2016,107,75,99,10,45,18,90,0,8,0.24,0.9090909090909091,0.0,0.17777777777777778,completion; feature-selection; hampered; hyper-parameters; ignoring; implicitly; imputes; low-rank,according importance; account differences; although lrmc; always hampered; based lrmc; better account; called stability; completion incomplete,
28282081,2016,87,54,74,7,21,3,63,1,6,0.05555555555555555,0.8513513513513513,0.14285714285714285,0.2857142857142857,disagreement; emotion; interpersonal,affected early; alteration process; alterations dementia; alterations process; among deficits; amygdala brain; basic emotions; basic facial,Facial Recognition
28282071,2016,131,95,126,10,45,18,105,1,10,0.18947368421052632,0.8333333333333334,0.1,0.2222222222222222,aires; amci; anova; buenos; contexts; enable; italian; mis,added new; affected values; aires staffed; alzheimer deferred; amci case-control; amci extension; amci mci; amci population,Prodromal Symptoms
28271040,2017,90,76,88,8,28,16,82,2,13,0.21052631578947367,0.9318181818181818,0.25,0.4642857142857143,appreciable; collectives; consistency; cross; experiment; fraction; impressive; mitigation,account appreciable; achieved novel; apparent performance; appreciable fraction; associated pipeline; bias classification; bias plausibly; bias reduction,Bias; Selection Bias
28269840,2016,87,69,81,5,10,21,80,2,7,0.30434782608695654,0.9876543209876543,0.4,0.7,ad-hoc; bespoke; collating; collation; emif; format; formats; frameworks,across different; ad-hoc systems; alzheimer cohort; application will; approaches harmonizing; base constructing; bespoke ad-hoc; broad scope,"Datasets as Topic; Vocabulary, Controlled"
28269715,2016,119,81,108,10,45,20,99,4,30,0.24691358024691357,0.9166666666666666,0.4,0.6666666666666666,big; computation; disen; disen-based; dispersion; emotion; entropy; fuzen,ability disen; activity help; affecting memory; aim paper; analysis brain; analysis resting-state; based approaches; based methods,Entropy; Fuzzy Logic; Magnetoencephalography; Rest
28269686,2016,64,45,57,6,15,13,52,3,12,0.28888888888888886,0.9122807017543859,0.5,0.8,biocompatible; board; compactly; electrode; electrode-tissue; forehead; impedance; module,attached forehead; biocompatible gel; board weight; circuit proposed; compactly designed; condition eeg; demonstrates promising; designed weight,Electric Impedance; Electrodes; Forehead
28269639,2016,107,71,94,8,28,11,80,0,9,0.15492957746478872,0.851063829787234,0.0,0.32142857142857145,adding; boston; classifier; courses; leave-one-out; multi-centric; non-rcd; prodem-austria,accuracy ratings; adding neuropsychological; applied patients; based leave-one-out; baseline examination; boston naming; classified rapid; classified rcd,
28269603,2016,70,45,62,6,15,9,54,1,6,0.2,0.8709677419354839,0.16666666666666666,0.4,apply; bag-of-visual-words; favors; multi-level; partitions; representative; secondly; sift,accuracy brain; apply method; bag-of-visual-words model; based multi-level; basic visual; brain disease; brain partitions; brain template,Support Vector Machine
28269515,2016,123,93,117,13,78,16,98,1,19,0.17204301075268819,0.8376068376068376,0.07692307692307693,0.24358974358974358,centrality; continuity; correlate; eigenvector; fcn; fmri; functionality; graphs,aim present; alzheimer neuropsychological; alzheimer psychological; analysis study; assessment test; brain fcn; brain functionality; brain network,Parietal Lobe
28269166,2016,117,78,104,12,66,9,80,0,8,0.11538461538461539,0.7692307692307693,0.0,0.12121212121212122,accordingly; advantageous; emci; fusiform; hallmark; lmci; ncs; rfg,abnormal brain; accordingly fcm; activity functional; advantageous investigate; affected functional; analysis provides; associated visual; changes functional,
28269165,2016,119,84,108,7,21,13,97,1,10,0.15476190476190477,0.8981481481481481,0.14285714285714285,0.47619047619047616,cross-validation; diffeomorphic; dimension; displaying; lda; leave-one-out; loadings; metric,according leave-one-out; accuracy lda; accuracy yielded; achieved svm; aging student; analysis examined; analysis findings; analysis lda,Principal Component Analysis
28268906,2016,97,68,88,9,36,20,81,1,8,0.29411764705882354,0.9204545454545454,0.1111111111111111,0.2222222222222222,balancing; band; binarisation; binarised; closed; cluster-span; cst; distinguishing,activity alzheimer; activity find; analyse standard; another recently; balancing ratio; band electroencephalogram; based fixing; beta activity,Beta Rhythm
30322673,2019,196,140,182,14,91,23,157,1,39,0.16428571428571428,0.8626373626373627,0.07142857142857142,0.42857142857142855,back; chinmedomics; clarifying; crossing; dehydropachymic; discovering; e-3; enormous,abnormalities determined; acid e-3; acid metabolism; acid study; analysis approach; analysis correlations; analyze biomarkers; applied analysis,Metabolomics
30282137,2017,85,65,71,6,15,11,63,0,2,0.16923076923076924,0.8873239436619719,0.0,0.13333333333333333,adrd; arduous; discipline; lacked; lived; minutes; obligation; purposive,adrd home; african-american informal; approach purposive; arduous journey; assessment teaching; assistance task; awareness resources; care informal,
30188294,2017,8,8,7,11,55,0,6,6,47,0.0,0.8571428571428571,0.5454545454545454,0.8545454545454545,,academia industry; advanced cell; culture systems; exactly academia; industry need; systems exactly,"Cell Culture Techniques; Drug Screening Assays, Antitumor; Kidney; Liver Cirrhosis; Tissue Array Analysis"
30126555,2018,224,143,200,13,78,15,165,1,23,0.1048951048951049,0.825,0.07692307692307693,0.2948717948717949,analytic; asymptomatic; attributed; behaviors; communities; congestive; coordinating; formative,ability generalize; adults approximately; adults practitioners; alzheimer coordinating; american communities; american community; american individuals; american older,Datasets as Topic
29990107,2019,115,87,111,16,120,12,103,7,101,0.13793103448275862,0.9279279279279279,0.4375,0.8416666666666667,benchmark; ctd; elucidating; hpdn; matters; origin; pathway-based; prednisone,acid new; additionally hpdn; applied study; associations origin; based dense; based genes; based pathways; benchmark large-scale,"Arthritis, Rheumatoid; Atherosclerosis; Gene Regulatory Networks; Genetic Diseases, Inborn; Prednisone"
29989989,2019,145,100,130,13,78,12,107,1,20,0.12,0.823076923076923,0.07692307692307693,0.2564102564102564,autoencoder; classifier; classifying; computerized; computing; constructed; era; excavates,accuracy achieved; achieved proposed; advances medical; advantages classifying; aging mild; apoe gene; autoencoder network; based r-fmri,Deep Learning
29975785,2017,2,2,1,5,10,1,1,0,2,0.5,1.0,0.0,0.2,remembering,remembering reminiscence,
29931895,2017,105,57,76,15,105,10,65,2,69,0.17543859649122806,0.8552631578947368,0.13333333333333333,0.6571428571428571,appswe; cleft; ps1de9; seemed; synaptophsin; synaptophysin; trk-b; trkb,alterations findings; appswe ps1de9; association expression; bdnf trk-b; bdnf trkb; blot immunohistochemical; cerebellum appswe; cerebellum decreased,"Protein-Tyrosine Kinases; Receptor, trkB"
29926583,2017,173,77,132,11,55,10,110,1,25,0.12987012987012986,0.8333333333333334,0.09090909090909091,0.45454545454545453,adiponectin; alternation; apn; c57bl; obviously; periphery; recovery; reversed,ability mouse; adiponectin anxiety; adiponectin apn; adiponectin effectively; adiponectin saline; alleviate anxiety; alternation rate; anxiety memory,Adiponectin
29870641,2017,143,90,130,11,55,10,106,3,38,0.1111111111111111,0.8153846153846154,0.2727272727272727,0.6909090909090909,earliest; fulfils; non-specialists; one-point; projected; rho; self-administered; spearman,achieved members; aim validate; along sensitivity; applied case; applied screening; average mmse; average score; case individuals,Memory and Learning Tests; Mental Status and Dementia Tests; Translating
29868439,2017,114,75,98,21,210,7,83,2,85,0.09333333333333334,0.8469387755102041,0.09523809523809523,0.40476190476190477,amyloid-positive; disparity; habs; harvard; hypointensities; nearly; signature,accelerate rate; adults amyloid-positive; affects nearly; age non-hispanic; age white; aging brain; americans decreased; americans elevated,Benzothiazoles; Correlation of Data
29735156,2018,191,104,155,13,78,18,136,1,19,0.17307692307692307,0.8774193548387097,0.07692307692307693,0.24358974358974358,anterior; asymptomatic; default; diminished; dmn; interconnectivity; mirrors; mtms,abnormalities progression; ad-related connectivity; altered default; altered early; among three; anterior ventral; assessed interconnectivity; assessment investigate,Neural Pathways
29602022,2018,106,78,97,13,78,7,79,2,35,0.08974358974358974,0.8144329896907216,0.15384615384615385,0.44871794871794873,categorizing; estimates; lasso; metrics; mt-sgl; multi-task; simultaneously,ability identify; across tasks; adni along; adni alzheimer; along ability; associated categorizing; associated generalized; baseline models,"Models, Statistical; Multitasking Behavior"
29566836,2018,156,82,133,14,91,8,100,1,25,0.0975609756097561,0.7518796992481203,0.07142857142857142,0.27472527472527475,anova; applying; biggest; followed-up; geras; meaningful; monthly; societal,across severity; anova comparison; applying unit; associated french; associated significantly; biggest contributor; care greatest; care total,Health Resources
29560901,2017,179,102,142,14,91,16,128,2,48,0.1568627450980392,0.9014084507042254,0.14285714285714285,0.5274725274725275,bcl3; calculating; clu; correction-hippocampal; familywise; level-dependent; load-rps; metrics,absence effect; age rps; almost significant; apoe haplotype; approach measures; association load-rps; associations risk; based apoe,Late Onset Disorders; Multifactorial Inheritance
29558759,2017,163,80,126,13,78,12,107,3,48,0.15,0.8492063492063492,0.23076923076923078,0.6153846153846154,antipsychological; confer; endothelin; et-1; il-6; immune-related; necrosis; nonpsychotic,additionally cytokines; aim clinical; anti-inflammatory cytokines; antipsychological effectiveness; antipsychotic drugs; association antipsychotic; association quetiapine; b12 association,"Drug Therapy, Combination; Gene Expression; Iran"
29527504,2018,221,145,201,17,136,24,161,3,63,0.16551724137931034,0.8009950248756219,0.17647058823529413,0.4632352941176471,angle; diffusivity; elastography; history-taking; inversion; line; mmre; mmre-images,accuracy diagnostic; already pre-dementia; analyses hippocampal; analyses showed; analyzed combination; angle complex; auc comparison; auc conclusion,Diffusion; Elasticity; Viscosity
29527502,2018,146,102,140,15,105,29,132,0,15,0.28431372549019607,0.9428571428571428,0.0,0.14285714285714285,adni2; ashs; ex-vivo; freesurfer; get; in-vivo; labeling; large-diffeomorphic-metric-mapping,account deciding; adni2 population; adni2 subfield-specific; adni2 subjects; advantage methods; amyloid positivity; analyses calculate; analysis freesurfer,
29527500,2018,156,78,120,22,231,8,98,1,88,0.10256410256410256,0.8166666666666667,0.045454545454545456,0.38095238095238093,computing; constructed; cross-sectionally; desegregation; fdg; pairwise; underlie; youth,across brain; across subjects; adults ages; adults divided; adults highest; adults well; ages compared; ages patients,Correlation of Data
29527482,2018,139,102,129,19,171,20,111,1,90,0.19607843137254902,0.8604651162790697,0.05263157894736842,0.5263157894736842,adad; arterial; asl; asl-cbf; autosomal; dominant; fdg; genetically,across subjects; adad age; adad small; among three; analyses biomarker; arterial spin; asl cbf; asl mri,Spin Labels
29493157,2017,156,90,130,12,66,11,95,4,41,0.12222222222222222,0.7307692307692307,0.3333333333333333,0.6212121212121212,arranged; asarone; attenuate; cat; cerebric; hif-1; hyperoxide; mda,abilities cerebric; achieved alleviating; aimed investigate; alleviating alzheimer; application intracerebroventricular; arranged disorder; asarone animal; asarone effectively,Allylbenzene Derivatives; Anisoles; Catalase; Malondialdehyde
29493153,2017,113,80,106,9,36,16,88,0,17,0.2,0.8301886792452831,0.0,0.4722222222222222,accounting; alcohol; blue; cat; composition; ester; gc-ms; gsh-px,ability mouse; accounting total; acetate highest; acquired disorder; activity lvo; activity t-sod; additionally antioxidant; alcohol ester,
29484985,2017,143,96,130,17,136,29,120,6,103,0.3020833333333333,0.9230769230769231,0.35294117647058826,0.7573529411764706,a-i; annp; apoa-i; bace1; bearing; bend; constructed; cytoplasm,a-i apoa-i; addition annp; additionally particles; annp sirna; apoa-i considerably; apoa-i nl4; apoa-i onto; apolipoprotein a-i,"Aspartic Acid Endopeptidases; Drug Carriers; Gene Knockdown Techniques; Mice, Nude; Permeability"
29477946,2018,169,108,155,18,153,19,127,2,72,0.17592592592592593,0.8193548387096774,0.1111111111111111,0.47058823529411764,alkaloid; ameliorated; amnesia; anticholinesterase; antidiabetic; antiglycating; antiglycative; cites,acetylcholine esterase; acetylcholinesterase levels; action vitro; activity trigonelline; administration d-gal; administration significantly; age levels; ages due,Alkaloids; Neuroprotection
29474170,2017,7,7,6,4,6,1,3,0,0,0.14285714285714285,0.5,0.0,0.0,ctad,conference report; disease ctad; report clinical,
29467067,2017,85,67,79,11,55,18,70,4,40,0.26865671641791045,0.8860759493670886,0.36363636363636365,0.7272727272727273,axona; caprylidene; coconut; coined; ensure; fight; fuel; fuels,affected support; alternative energy; alternative fuel; alternative fuels; alternative pathologic; axona coconut; barrier provide; behind modalities,"Coconut Oil; Dietary Fats; Food, Formulated; Triglycerides"
29461692,2017,6,6,5,6,15,0,2,2,9,0.0,0.4,0.3333333333333333,0.6,,chromatography alzheimer; role chromatography,Chromatography; Pharmacokinetics
29461146,2017,1,1,0,18,153,0,0,6,100,0.0,0.0,0.3333333333333333,0.6535947712418301,,,"Combined Modality Therapy; Diabetes Mellitus, Type 1; Diabetic Foot; Diabetic Nephropathies; Diabetic Neuropathies"
29460787,2018,170,102,143,18,153,8,129,8,116,0.0784313725490196,0.9020979020979021,0.4444444444444444,0.7581699346405228,cronbach; dietitians; diets; disagreement; eating; overestimation; underestimation; waste,acceptable range; accuracy visual; actual measurement; adequate training; agreement measurement; agreement methods; analysis level; analysis meals,"Diet Records; Eating; Food Service, Hospital; Inpatients; Length of Stay"
29458929,2018,95,59,75,10,45,9,66,1,18,0.15254237288135594,0.88,0.1,0.4,attenuated; counterparts; dsst; inactive; mvpa; nhanes; substitution; symbol,activity assessed; activity associated; activity cognitive; activity guidelines; adjustments results; adult population; adults ages; adults least,Nutrition Surveys
29446892,2017,7,7,6,7,21,1,6,2,13,0.14285714285714285,1.0,0.2857142857142857,0.6190476190476191,life-changing,another life-changing; diabetes another; diagnosis manage; double diagnosis; life-changing condition; manage diabetes,Disease Management; Myocardial Infarction
29441941,2017,51,35,39,8,28,9,31,1,15,0.2571428571428571,0.7948717948717948,0.125,0.5357142857142857,abca7; asians; atp; cassette; caucasians; eligible; rs3764650; subfamily,abca7 rs3764650; analysis race; asians caucasians; association abca7; associations found; atp binding; binding cassette; cassette subfamily,ATP-Binding Cassette Transporters
29435372,2017,102,76,98,10,45,11,85,0,5,0.14473684210526316,0.8673469387755102,0.0,0.1111111111111111,activity-dependent; advancing; causal; exceptions; gradual; intense; paths; spread,account amyloidosis; accumulation finally; accumulation next; activation resting; activity always; activity including; activity plaques; activity strong,
29429523,2018,125,97,116,15,105,8,90,2,49,0.08247422680412371,0.7758620689655172,0.13333333333333333,0.4666666666666667,allicin; ameliorates; composition; garlic; huge; jnk; suppressing; therapeutical,age alzheimer; allicin ameliorates; allicin improves; allicin main; allicin neurons; allicin provide; allicin treatment; ameliorates cognitive,Disulfides; Sulfinic Acids
29426096,2017,1,1,0,12,66,0,0,8,61,0.0,0.0,0.6666666666666666,0.9242424242424242,,,"Curriculum; Geriatric Nursing; Health Plan Implementation; Inservice Training; Models, Educational"
29426094,2017,1,1,0,17,136,0,0,6,93,0.0,0.0,0.35294117647058826,0.6838235294117647,,,"Combined Modality Therapy; Communication Methods, Total; Geriatric Nursing; Mind-Body Therapies; Multimorbidity"
29426084,2017,1,1,0,19,171,0,0,6,116,0.0,0.0,0.3157894736842105,0.6783625730994152,,,"Burnout, Professional; Communication Barriers; Geriatric Nursing; Nursing, Team; Patient Compliance"
29421784,2017,118,71,106,18,153,18,100,7,102,0.2535211267605634,0.9433962264150944,0.3888888888888889,0.6666666666666666,arterioles; c1q; c3d; c5b-9; caa-type1; coexpressed; colocalized; exclusively,accumulation capillaries; activates complement; activation capillary; activation evaluated; activation propagation; additionally c5b-9; almost exclusively; amyloid type,Arterioles; Capillaries; Cerebral Amyloid Angiopathy; Complement Activation; Complement System Proteins
29419969,2017,1,1,0,17,136,0,0,9,112,0.0,0.0,0.5294117647058824,0.8235294117647058,,,Acute Pain; Aggression; Behavioral Symptoms; Chronic Pain; Interdisciplinary Communication
29414391,2018,106,69,90,8,28,17,79,3,19,0.2463768115942029,0.8777777777777778,0.375,0.6785714285714286,aid; anatomic; anti-apoptotic; bcl2; co-expression; co-localized; definitive; diagnostics,active cells; aid surgical; aids anatomic; analyses qrtpcr; anatomic pathologists; anti-apoptotic proteins; apoptotic anti-apoptotic; bcl2 family,Karyopherins; Pathologists; beta Karyopherins
29413893,2018,116,91,108,5,10,17,91,0,2,0.18681318681318682,0.8425925925925926,0.0,0.2,advancing; autophagic; autophagy; avenues; connect; defective; dictate; fate,activity uniquely; advancing age; age major; aggregation although; aging intricate; although role; amyloidogenic pathway; assessing dynamic,
29413525,2018,121,98,116,8,28,15,104,2,14,0.15306122448979592,0.896551724137931,0.25,0.5,assumes; crisis; fyn; halt; illuminated; impending; mediating; mglur5,accelerated inflammation; assumes multiple; believed mediate; beta oligomers; cascade involving; cause symptoms; cellular prion; central molecular,"Prion Proteins; Receptor, Metabotropic Glutamate 5"
29413486,2018,157,102,144,20,190,17,120,6,136,0.16666666666666666,0.8333333333333334,0.3,0.7157894736842105,attenuate; bbb; beside; esterase; evoo; extra-virgin; hereafter; nonamyloidogenic,acetylcholine esterase; addition recently; additional mechanisms; amyloid load; approach enhancing; approved stages; attenuate related; attenuating amyloid,ATP Binding Cassette Transporter 1; Aldehydes; Cyclopentane Monoterpenes; Olive Oil; PPAR gamma
29412984,2018,68,49,64,12,66,8,58,6,56,0.16326530612244897,0.90625,0.5,0.8484848484848485,circadian; eye; hypersomnia; insomnia; legs; rhythm; serving; sleep-controlling,acceleration progression; apnea restless; behavior disorder; brain common; caused primary; centers brain; cerebral degenerative; circadian rhythm,Chronobiology Disorders; Disorders of Excessive Somnolence; REM Sleep Behavior Disorder; Restless Legs Syndrome; Sleep
29412849,2018,56,46,52,7,21,4,38,1,8,0.08695652173913043,0.7307692307692307,0.14285714285714285,0.38095238095238093,exerts; pathologic; prism; reserve,account discrepancy; among individuals; article provides; associated delay; biomarkers clinical; brain pathologic; clinical cognitive; cognitive reserve,Cognitive Reserve
29407464,2018,191,105,171,12,66,29,156,2,29,0.2761904761904762,0.9122807017543859,0.16666666666666666,0.4393939393939394,abnormally; add; auroc; bands; compromised; delta; disconnection; diseased,abnormal posterior; abnormalities functional; abnormalities resting-state; abnormally higher; accuracies discrimination; accuracy nold; add considered; add dlb,Cortical Synchronization; Rest
29406991,2018,189,140,178,22,231,42,165,8,194,0.3,0.9269662921348315,0.36363636363636365,0.8398268398268398,abelson; apps; autocrine; autophosphorylation; axons; c-jun; cascades; catenin,abelson kinase; acetylcholine receptors; activate enzymes; activation c-jun; activation glycogen; allow autophosphorylation; alpha nicotinic; app cytoplasmic,"Antigens, CD; Calcium-Binding Proteins; Cell Adhesion Molecules, Neuronal; Cerebral Ventricles; Neural Cell Adhesion Molecules"
29406924,2018,158,86,133,16,120,14,101,1,45,0.16279069767441862,0.7593984962406015,0.0625,0.375,atherosclerotic; examinations; fazekas; fluid-attenuated; inversion; ncs; pdd; pdnd,according fazekas; ad-related pathology; age-matched outpatients; angiopathy examine; assessed mta; assessment medial; atherosclerotic cerebrovascular; atrophy among,Leukoencephalopathies
29406141,2018,165,123,154,10,45,44,151,7,42,0.35772357723577236,0.9805194805194806,0.7,0.9333333333333333,architecture; arts; assured; blending; campus; communicate; competing; complexities,abilities critical-thinking; abilities values; ability differentiate; acknowledged importance; advantage campus; among myriad; architecture fine; arts campus,"Creativity; Curriculum; Education, Nursing, Baccalaureate; Faculty, Nursing; Portraits as Topic"
29395285,2018,112,74,99,21,210,9,80,6,149,0.12162162162162163,0.8080808080808081,0.2857142857142857,0.7095238095238096,asymptomatic; enriched; noncarriers; parental; pld3; r47h; trem2; v232m,adjusted age; alzheimer prevention; analysis resulted; associated significantly; association functional; asymptomatic adults; baseline enriched; battery performed,Exodeoxyribonucleases; Genetic Variation; Heterozygote; Phospholipase D; Registries
32888656,2020,128,64,99,12,66,8,83,2,26,0.125,0.8383838383838383,0.16666666666666666,0.3939393939393939,aetiologies; aggression; bogot; centre; colombia; dsm-5; lability; referral,according dsm-5; aetiologies occur; aetiology neurocognitive; age minor; aggression emotional; aggression occur; among group; analyses reveal,Colombia; Neurocognitive Disorders
31639691,2019,149,96,139,16,120,25,122,6,88,0.2604166666666667,0.8776978417266187,0.375,0.7333333333333333,c-reactive; crp; cytokine-secreting; enzyme-linked-immuno-spot; fas; fas-faslg; faslg; il1,age higher; apoptosis interrelated; apoptotic low-grade; apoptotic markers; assay serum; basal conditions; blood mononuclear; c-reactive protein,"C-Reactive Protein; Correlation of Data; Enzyme-Linked Immunospot Assay; Fas Ligand Protein; Leukocytes, Mononuclear"
31282801,2018,1,1,0,8,28,1,0,1,11,1.0,0.0,0.125,0.39285714285714285,inflammaging,,Gastrointestinal Microbiome
31189515,2019,66,52,64,18,153,7,60,3,82,0.1346153846153846,0.9375,0.16666666666666666,0.5359477124183006,ckb; creatine; energetic; enolase; glyceraldehyde; oxidation; phosphate,among showed; bind residues; bind specific; bind tau; binding due; binding three; brain extracts; capacity human,"Creatine Kinase, BB Form; Phosphopyruvate Hydratase; Sequence Alignment"
31179446,2018,71,56,64,11,55,3,47,1,14,0.05357142857142857,0.734375,0.09090909090909091,0.2545454545454545,globe; millions; multi-task,across globe; adni propose; affects millions; age prevalence; around world; brain disease; brain scans; combining genetic,Machine Learning
31167728,2019,140,101,130,10,45,13,106,1,18,0.12871287128712872,0.8153846153846154,0.1,0.4,beta-peptide; dysregulation; estimates; favorable; gain; hallmark; halt; locus,affects millions; agents lead; altered brain; altered phosphoproteins; amyloid beta-peptide; attention known; author believed; bases remain,Proteins
31106304,2018,120,93,115,12,66,24,102,3,30,0.25806451612903225,0.8869565217391304,0.25,0.45454545454545453,alternations; analysis-derived; applying; automatically; bfns; cnn; cnns; computer,ability computer; accessible dataset; accurate emci; alternations brain; although alternations; analysis applications; analysis-derived bfns; applications still,"Deep Learning; Machine Learning; Neural Networks, Computer"
31032583,2018,224,112,176,10,45,25,136,1,14,0.22321428571428573,0.7727272727272727,0.1,0.3111111111111111,activating; alcl; alzheimer-like; crossing; d-galactose; deo; deoxygedunin; dismutase,activating trkb; activities increase; activities sod; ad-like pathological; akt erk1; alcl sub; alzheimer-like pathologic; assay elisa,Limonins
31000263,2019,68,53,60,11,55,12,51,4,44,0.22641509433962265,0.85,0.36363636363636365,0.8,argentinean; argentinian; diets; mediterranean; monounsaturated; mufas; polyunsaturated; pufas,acids high; acids mufas; acids possibly; acids pufas; adherence diets; aim paper; antioxidants decrease; antioxidants saturated,"Argentina; Fatty Acids, Unsaturated; Mediterranean Region; Neuroprotection"
30957108,2018,139,99,130,9,36,23,116,0,10,0.23232323232323232,0.8923076923076924,0.0,0.2777777777777778,apply; centralized; coarse; compute; connectome; correspondences; distribute; embedding,adni demonstrate; algorithm based; anatomical misalignments; apply recently; around paper; atlas cortex; atlas detecting; atlas distributed,
30936769,2018,111,95,109,8,28,15,89,0,8,0.15789473684210525,0.8165137614678899,0.0,0.2857142857142857,afford; at-risk; consortia; diagnostics; exemplified; inexpensive; longitudinally; metabolomics,afford neuroprotection; ahead cognitive; allow development; allow small; along improved; already preclinical; at-risk populations; available therapeutics,
30906935,2018,98,80,93,9,36,23,85,2,15,0.2875,0.9139784946236559,0.2222222222222222,0.4166666666666667,accurately; acquiring; align; app-roach; asso-ciated; facil-itates; flows; glymphatic,able reduce; accurately capture; acquiring temporal; across time; agent flows; align well; app-roach incorporate; asso-ciated neurodegenerative,Contrast Media; Glymphatic System
30900843,2018,92,61,79,8,28,25,68,3,18,0.4098360655737705,0.8607594936708861,0.375,0.6428571428571429,acetic; cis-aconitic; citric; creatinine; formic; fumaric; h-nmr; hippuric,acetic acid; acid cis-aconitic; acid citric; acid decreased; acid formic; acid fumaric; acid ketoglutaric; acid trigonelline,Magnetic Resonance Spectroscopy; Metabolome; Metabolomics
30847359,2019,126,88,115,13,78,12,101,0,2,0.13636363636363635,0.8782608695652174,0.0,0.02564102564102564,antemortem; creutzfeldt-jakob; distinction; intermediate-high; lumbar; noninvasive; predicts; puncture,accuracy distinction; adjusting covariates; analysis ratio; antemortem csf; assessed pathology; auc cut-off; auc especially; better correlation,
30815203,2018,80,57,69,8,28,13,64,1,11,0.22807017543859648,0.927536231884058,0.125,0.39285714285714285,activations; benchmark; checks; complementarity; conducts; convo-lutional; convolutional; d-cnns,activations constrained; activations spatial; analysis hierarchical; analysis show; approach conducts; approach difficulty; approaches generating; approaches identify,"Neural Networks, Computer"
30814473,2018,203,155,199,14,91,28,180,1,17,0.18064516129032257,0.9045226130653267,0.07142857142857142,0.18681318681318682,add; applying; atlas-based; av45; continuously; corrected; covariance; covariate,according nia-aa; add mci-ad; add mild; add subjects; age nuisance; along continuum; analysis covariance; analysis shows,Parietal Lobe
30807987,2019,191,117,161,19,171,24,133,1,77,0.20512820512820512,0.8260869565217391,0.05263157894736842,0.4502923976608187,acetyl; alleviated; alternation; antifatigue; blotting; crenulata; dismutase; freeze-drying,abilities rats; acetyl transferase; acetylcholine ach; ach level; activation rce; activity decreased; activity respectively; addition rce,Malondialdehyde
30797990,2019,32,24,28,9,36,9,24,4,28,0.375,0.8571428571428571,0.4444444444444444,0.7777777777777778,integration-free; ipsc; ipsc-adm01; karyotype; line; non-integrative; pluripotency; reprogramming,cell line; disease non-integrative; generated year-old; generation integration-free; human ipsc; integration-free ipsc; ipsc line; ipsc-adm01 sysui001-a,Cellular Reprogramming; Cellular Reprogramming Techniques; Induced Pluripotent Stem Cells; Karyotype
30788916,2018,181,97,148,10,45,14,129,1,12,0.14432989690721648,0.8716216216216216,0.1,0.26666666666666666,appswe; c57bl; eliminating; gavage; nft; ps1m146v; rear; scfv17,ability month; ability movement; ability xtg-ad; administration scfv17; antibody fragment; appswe taup301l; balance ability; balance seriously,Gait
30786665,2018,126,86,118,7,21,14,101,1,9,0.16279069767441862,0.8559322033898306,0.14285714285714285,0.42857142857142855,adnc; boundary; co-pathology; cortico-cortical; cte; encephalopathy; mater; pia,adnc form; among disorders; analysis disorders; association cortico-cortical; boundary cluster; cbd chronic; cbd cte; change adnc,Neuropathology
30786664,2018,112,83,107,7,21,17,95,2,11,0.20481927710843373,0.8878504672897196,0.2857142857142857,0.5238095238095238,actually; agd; amygdaloid; ballooned; clinicopathological; coiled; enable; grain,actually second; actually specific; agd avoid; agd made; agd often; agd patients; agd sporadic; agd uncommon,Oligodendroglia; Tauopathies
30765302,2019,96,76,91,10,45,13,79,1,21,0.17105263157894737,0.8681318681318682,0.1,0.4666666666666667,accounted; aryl-1; benzylpiperidine; cytotoxic; dual; enabled; exploiting; hbuche,accounted dual; ache key; agreement docking; aimed synthesize; aryl-1 triazolyl; attention due; based compounds; based potent,Click Chemistry
30753416,2018,7,7,6,6,15,1,3,1,8,0.14285714285714285,0.5,0.16666666666666666,0.5333333333333333,redux,cognitive ageing; disease cholinergic; system redux,Cholinergic Agents
30734031,2018,120,94,114,10,45,21,100,1,15,0.22340425531914893,0.8771929824561403,0.1,0.3333333333333333,accurately; anisotropic; blurring; boundaries; calculation; computation; compute; consistency,accounts presence; accuracy thickness; accurately estimate; across scanners; anisotropic heat; anisotropic laplace; anisotropic term; associated normal,Anisotropy
30712752,2019,106,73,99,12,66,13,84,2,24,0.1780821917808219,0.8484848484848485,0.16666666666666666,0.36363636363636365,aggravating; aging-related; amci; anxio-depressive; mat; mbi; mindfulness; mindfulness-based,acceptance single-blind; acceptance theory; adults amci; aggravating prognosis; aging-related quality; amci alzheimer; amci contribution; amci patients,Mindfulness; Single-Blind Method
30711677,2019,110,72,100,13,78,7,88,2,28,0.09722222222222222,0.88,0.15384615384615385,0.358974358974359,disproportionally; hippocampal-prefrontal; hippocampus-prefrontal; interest-based; resting-state; survive; synchronized,accelerated trajectory; accompanied greater; activities whereas; affected alzheimer; analyses region; analyses resting-state; associated different; associations load,Executive Function; Sex Characteristics
30708185,2019,142,110,136,18,153,28,115,7,108,0.2545454545454545,0.8455882352941176,0.3888888888888889,0.7058823529411765,amylacea; bulb; bulbs; corpora; correlate; cytoskeletal; declines; fibrillary,abundance corpora; acid protein; alterations correlate; amylacea characterized; amylacea declines; analysis notch; analysis olfactory; appears prodromal,"Cell Adhesion Molecules, Neuronal; Extracellular Matrix Proteins; Gene Expression; Jagged-1 Protein; Olfactory Bulb"
30707667,2018,173,103,154,15,105,25,144,5,65,0.24271844660194175,0.935064935064935,0.3333333333333333,0.6190476190476191,administrative; admitted; calendar; deaths; discharge; encounter; encounters; highlight,across different; across hospital; across settings; administrative claims; admitted directly; admitted inpatients; allows analyses; allows differentiation,"Emergency Service, Hospital; Hospital Mortality; Hospitalization; Length of Stay; Utilization Review"
30704691,2019,3,3,2,7,21,1,2,1,12,0.3333333333333333,1.0,0.14285714285714285,0.5714285714285714,non-neurologist,importance neurology; neurology non-neurologist,"Physicians, Primary Care"
30704690,2019,2,2,1,6,15,2,1,0,1,1.0,1.0,0.0,0.06666666666666667,dads; moms,dads moms,
30704369,2018,89,70,84,19,171,14,76,3,86,0.2,0.9047619047619048,0.15789473684210525,0.5029239766081871,actor; categorization; clashes; depth; differing; first-in-line; marriages; meaningful,actor parent; alzheimer never; analysis design; analysis swedish; analytical tools; approach discourse; caregivers considerable; caregivers express,Comprehension; Health; Loneliness
30703628,2019,137,86,123,12,66,12,100,1,12,0.13953488372093023,0.8130081300813008,0.08333333333333333,0.18181818181818182,converter; converters; converts; evolves; hypointensity; juxtacortical; lesion; surrogate,according region; affect juxtacortical; age conversely; age within; amount tissue; area comparison; article assess; assess differences,White Matter
30698559,2018,97,62,81,12,66,6,62,0,12,0.0967741935483871,0.7654320987654321,0.0,0.18181818181818182,amci; coincidence; elastase; k-means; leukocyte; proteinase,activity blood; activity functional; activity leukocyte; activity proteinase; amci activity; amci basis; amci depending; amci men,
30696601,2019,68,46,62,22,231,15,58,8,167,0.32608695652173914,0.9354838709677419,0.36363636363636365,0.7229437229437229,circulating; die; hallmark; hyperosmolality; insidious; insidiously; mammals; osmolality,age increases; age natural; aging natural; blood cells; blood fails; blood thickened; body systems; body water,Body Composition; Body Water; Central Nervous System; Hematocrit; Infant
30693688,2018,137,66,111,8,28,18,94,0,10,0.2727272727272727,0.8468468468468469,0.0,0.35714285714285715,alleviated; array; cytochemistry; cytoscape; differentially; lactate; liposome; mir-101a-3p,alleviated cell; app alzheimer; app amyloid; app compared; app determined; app established; app group; app protein,
30693065,2018,131,91,120,11,55,19,106,1,34,0.2087912087912088,0.8833333333333333,0.09090909090909091,0.6181818181818182,absorption; aspalathin; butin; capensinidin; cross; energies; epicatechin; europinidin,absorption parameters; absorption rates; adequate pharmacological; alzheimer docking; alzheimer osiris; alzheimer understood; analyzed flavonoids; applied flavonoids,Flavonoids
30682676,2019,110,87,103,16,120,11,92,4,66,0.12643678160919541,0.8932038834951457,0.25,0.55,ad-protective; google; hallmark; high-glycemic; mediterranean; options; peer-reviewed; records,ad-protective dietary; adherence mediterranean; adherence reduced; age lacks; articles investigating; assessed double-blind; association mediterranean-style; authors fifteen,"Databases, Bibliographic; Diet, High-Fat; Dietary Carbohydrates; Fatty Acids"
30676992,2018,262,160,235,17,136,30,213,5,83,0.1875,0.9063829787234042,0.29411764705882354,0.6102941176470589,appreciate; assumptions; belated; born; brought; budgets; carlo; compiled,activities earlier; addition determine; additional costs; age disease; alzheimer population; amount euro; appreciate trade-off; approach czechia,"Czechoslovakia; Early Medical Intervention; Models, Economic; Monte Carlo Method; National Health Programs"
30673663,2018,122,77,110,14,91,16,87,0,16,0.2077922077922078,0.7909090909090909,0.0,0.17582417582417584,ad-signature; ca2; ca4; corrected; depended; fdr; freesurfer; moca,ad-signature cortical; apoe gene; apoe nondemented; assessment moca; association brain; association neuropsychological; associations depended; associations modified,
30672441,2018,231,119,183,11,55,23,147,0,19,0.19327731092436976,0.8032786885245902,0.0,0.34545454545454546,admm; alzheimic; anti-alzheimic; apoptosis-related; ca2; cleft; continuously; dawley,abnormal synaptic; active zones; admm group; aged weeks; alzheimic rats; amyloid induced; anti-alzheimic effects; apoptosis hippocampal,
30668379,2019,136,88,121,9,36,20,104,1,15,0.22727272727272727,0.859504132231405,0.1111111111111111,0.4166666666666667,admet; alternatives; batch; bche; cdocker; ena739155; evo; filtered,activity filtered; activity fit; admet analysis; aimed find; alternatives current; analysis fischer; analysis subjected; based cdocker,Flavonoids
30668354,2019,174,113,150,18,153,18,132,2,79,0.1592920353982301,0.88,0.1111111111111111,0.5163398692810458,alternation; antibacterial; antifungal; articulata; composition; cytotoxic; enhancement; gc-fid,abts tests; acetylcholinesterase activity; ache inhibitory; action rat; activity investigated; activity oxidant-antioxidant; activity promoting; administered inhalation,Cupressaceae; Spatial Memory
30668321,2019,164,117,151,19,171,26,125,3,90,0.2222222222222222,0.8278145695364238,0.15789473684210525,0.5263157894736842,aiton; analysing; anti-oxidative; app-processing; app-transgenic; atlantica; axons; bace1,ad-related pathology; adam10 bace1; aiton subsp; alter levels; amyloidosis mouse; amyloidosis study; analysing amyloid; anti-oxidative neuroprotective,Enzymes; Flavonoids; Spatial Memory
30663616,2019,12,12,11,6,15,2,9,0,2,0.16666666666666666,0.8181818181818182,0.0,0.13333333333333333,comment; strain,caregiver strain; caregivers elderly; comment effects; effects spiritual; group therapy; home caregivers; spiritual group; strain home,
30662517,2018,196,103,159,12,66,17,151,3,43,0.1650485436893204,0.949685534591195,0.25,0.6515151515151515,biomathematical; cui; default; extending; mlogp; noise; radiotracer; radiotracers,accuracy screening; activity curves; allowing comparison; amyloid biomathematical; applied radiotracers; applied tau; area tacs; based single,"Amyloidogenic Proteins; Drug Evaluation, Preclinical; Healthy Volunteers"
30661596,2019,171,110,154,13,78,24,138,5,59,0.21818181818181817,0.8961038961038961,0.38461538461538464,0.7564102564102564,amine; chicken; cil; dichloromethane; envisage; extraction; high-coverage; high-performance,accurate metabolite; amine phenol; amine phenol-containing; analyses study; analysis tissue; analytical performance; application areas; application brain,Chickens; Isotope Labeling; Liver; Metabolomics; Muscles
30660832,2019,164,125,156,16,120,34,144,7,103,0.272,0.9230769230769231,0.4375,0.8583333333333333,anti-oxidative; antigen; co-stimulatory; curcumin-treated; defense; diet-derived; dietary-derived; endocytosis,activation translocation; addition pro-inflammatory; agent monocytes; anti-inflammatory macrophages; anti-oxidative properties; antigen capture; antigen presentation; blocking trafficking,Antigen Presentation; Atherosclerosis; Cell Movement; Cell Polarity; Immunologic Factors
30660039,2019,90,59,76,13,78,10,66,0,24,0.1694915254237288,0.868421052631579,0.0,0.3076923076923077,differentially; instability; methylated; neuropathology; orders; quantified; rush; sets,affect disease; affects neuropathology; aging project; amyloid neurofibrillary; associated amyloid; capture different; clustered regions; collected religious,
30656911,2018,137,104,127,8,28,15,111,3,20,0.14423076923076922,0.8740157480314961,0.375,0.7142857142857143,allergies; alleviation; attempts; autoimmunological; cystic; employment; fibrosis; flavonoids,action light; action potential; action summarized; activities makes; activity isoflavone; affects multiple; allergies clinical; alleviation symptoms,Genistein; Immune System Diseases; Mucopolysaccharidosis III
33463291,2020,170,124,165,6,15,31,153,0,2,0.25,0.9272727272727272,0.0,0.13333333333333333,amyloidoses; annealing; arrangement; axial; benign; bonds; cast; configurations,active proximate; agents electron; agents neurodegeneration; aggregate intrastrain; aggregates model; aggregates prove; aggregates results; aggregates toxic,
33243028,2019,117,88,111,7,21,22,102,3,15,0.25,0.918918918918919,0.42857142857142855,0.7142857142857143,asset; causally; choose; composition; far-reaching; hold; holdings; hrs,account observed; accounts correlation; age extended; age pgs; asset holdings; asset types; behavior nationally; capacity iii,Correlation of Data; Financial Statements; Multifactorial Inheritance
32598641,2019,30,24,28,6,15,2,21,1,7,0.08333333333333333,0.75,0.16666666666666666,0.4666666666666667,antidiabetic; ptogenetic,antidiabetic drugs; data results; diabetes cognitive; discusses literature; drugs cognitive; effect diabetes; effect results; effects antidiabetic,Hypoglycemic Agents
32375155,2019,101,71,87,14,91,11,74,1,32,0.15492957746478872,0.8505747126436781,0.07142857142857142,0.3516483516483517,abundantly; cd63; enzyme-linked; exosomes; immunosorbent; milk; nano-sized; normalized,abundantly present; age-matched healthy; amyloid-beta hyperphosphorylated; analysis observe; assay detect; basis early; blood saliva; body fluids,Exosomes
32308848,2019,98,77,92,20,190,11,84,8,137,0.14285714285714285,0.9130434782608695,0.4,0.7210526315789474,dreaming; electroencephalography; factorization; insomnia; leveraging; non-dreaming; nsrr; quantifiable,abnormal rem; although sleep; among patterns; applied temporal; biological evidence; brain wave; built unique; cases controls,Brain Waves; Datasets as Topic; Mathematical Concepts; Propensity Score; Sleep
32254802,2019,83,67,80,9,36,10,66,2,19,0.14925373134328357,0.825,0.2222222222222222,0.5277777777777778,autofluorescence; depth; fibril-associated; insoluble; near-infrared; nir; noninvasive; optical,abilities potential; aggregates brain; aggregates vivo; amyloid species; applications mouse; approach diagnosis; article comprehensively; autofluorescence biological,Infrared Rays; Optical Imaging
32222300,2020,58,49,54,8,28,3,38,2,16,0.061224489795918366,0.7037037037037037,0.25,0.5714285714285714,exerts; pathologic; reserve,account discrepancy; among individuals; associated delay; baseline current; biomarkers clinical; brain pathologic; clinical cognitive; cognition baseline,Asymptomatic Diseases; Cognitive Reserve
32209796,2019,139,77,119,15,105,7,83,3,47,0.09090909090909091,0.6974789915966386,0.2,0.44761904761904764,group-specific; multidomain; parieto-occipital; prominent; quantified; repercussions; stemming,additionally temporal; adults patients; age mci; age pathological; aging quantified; arise wmh; associated impaired; associated impairments,Occipital Lobe; Parietal Lobe; White Matter
32202739,2019,200,123,178,10,45,29,156,2,26,0.23577235772357724,0.8764044943820225,0.2,0.5777777777777777,appointment; calorie; carbohydrate; classical; diets; ectopic; experimental-induced; gain,accompanied development; accumulation fat; administration accompanied; administration stz; amyloid hypothalamus; animals diet; animals divided; animals stereotactic,"Diabetes Mellitus, Experimental; Hyperglycemia"
32186116,2019,160,95,133,11,55,17,103,2,30,0.17894736842105263,0.7744360902255639,0.18181818181818182,0.5454545454545454,activators; alleviated; annexin; autophagy; beclin-1; effector; eosin; experiment,ability alzheimer; ability mouse; accumulation peptides; accumulation protein; activates autophagy; activators beclin-1; addition results; alleviated number,"Administration, Oral; Solutions"
32147039,2020,131,96,125,5,10,14,103,1,4,0.14583333333333334,0.824,0.2,0.4,array; characterised; citations; drastic; emergent; interrogated; oxidation; polyphenol,abnormal accumulation; accumulation neurofibrillary; actions includes; address mechanism; along therapeutic; antioxidant drug; antioxidant drugs; antioxidant effects,Polyphenols
32126553,2019,158,102,143,9,36,14,118,2,20,0.13725490196078433,0.8251748251748252,0.2222222222222222,0.5555555555555556,achieving; classifying; consistency; cronbach; distinguishing; fifty-three; interrater; intra,achieving diagnosis; agreement intra; agreement v-cdr; aims study; assessed internal; assessed v-cdr; assessment diagnosis; assessment excellent,Mental Status and Dementia Tests; Vietnam
32118475,2019,110,66,95,8,28,10,83,0,10,0.15151515151515152,0.8736842105263158,0.0,0.35714285714285715,accumulated; deltae9; detectable; earliest; monthage; plaque-free; quantification; swe,abeta plaques; accumulated mainly; accumulation around; accumulation follows; age ferritin; age rate; age-related cortical; aging brain,
32114583,2019,142,108,137,7,21,13,111,0,9,0.12037037037037036,0.8102189781021898,0.0,0.42857142857142855,advancing; allocation; besides; contextualized; dirichlet; disciplines; high-income; kingdom,abstracts content; abstracts research; advancing knowledge; aimed identify; allocation abstracts; among demented; among family; among individuals,
32096053,2019,52,42,50,6,15,7,40,2,9,0.16666666666666666,0.8,0.3333333333333333,0.6,dysregulation; hampered; mapt; non-microtubular; post-translational; tauopathies; truncation,addresses various; aggregates alzheimer; aggregation result; alternative splicing; around tau; chapter addresses; dementia therapy; disorders referred,Alternative Splicing; Tauopathies
32096052,2019,124,78,111,6,15,4,97,1,5,0.05128205128205128,0.8738738738738738,0.16666666666666666,0.3333333333333333,inventions; longstanding; ptau; unimpaired,acute brain; amount plasma; amyloidosis close; assay technology; assay validated; assays csf; biomarker brain; biomarker cns,Tauopathies
32096051,2019,120,105,117,8,28,21,108,3,18,0.2,0.9230769230769231,0.375,0.6428571428571429,crispr; editing; emerge; erk; executing; fyn; jip1; machinery,accumulation tau; aggregates somatodendritic; amyloid via; another aspect; aspect emerging; aspects human; based mutations; cases frontotemporal,"Tauopathies; Ultrasonography, Interventional; Vaccines"
32096050,2019,47,37,43,5,10,5,39,0,0,0.13513513513513514,0.9069767441860465,0.0,0.0,filamentous; hallmark; isolating; non-filamentous; tau-mediated,accumulation tau; aggregates non-filamentous; among research; among researchers; culprit tau-mediated; definition methodology; describe tau; differences tau,
32096047,2019,124,98,121,5,10,20,112,1,5,0.20408163265306123,0.9256198347107438,0.2,0.5,arrested; associates; coacervation; compartmentalize; concentrate; condensates; dissolve; droplets,although longer; among intrinsically; among subset; appear compartmentalize; arrested solidification; associates rna; carry charges; cells concentrate,Intrinsically Disordered Proteins
32096046,2019,87,66,82,6,15,17,77,2,9,0.25757575757575757,0.9390243902439024,0.3333333333333333,0.6,art; contaminating; corruption; fertile; formally; ground; highlight; misfolding,active tau; almost decade; anatomically connected; another anatomically; approaches potentially; art current; art research; associated tauopathies,Prions; Tauopathies
32096045,2019,142,102,137,7,21,31,131,1,9,0.30392156862745096,0.9562043795620438,0.14285714285714285,0.42857142857142855,allocortex; axons; borne; brunt; connectivities; cortico-cortical; distal; early-involved,abnormal changes; abnormal tau; affected pyramidal; allocortex temporal; alzheimer-related tau; areas first; areas neocortex; associated late,Pyramidal Cells
32096043,2019,79,68,77,8,28,12,65,0,9,0.17647058823529413,0.8441558441558441,0.0,0.32142857142857145,accompanying; cascades; causal; disrupting; etiopathogenesis; glucocorticoid; initiators; misprocessing,accompanying high; accumulating clinical; aggregation given; app generation; beta tau; brain pathology; cascades neuroplasticity; causal role,
32096042,2019,160,117,153,8,28,14,127,0,3,0.11965811965811966,0.8300653594771242,0.0,0.10714285714285714,cognition-related; cutting-edge; data-driven; disconnection; exclusive; hubs; interconnections; lose,aberrant proteins; accumulation network; acquire neurotoxicity; across neural; aggregated tau; along cognition-related; alterations pathological; among brain,
32096041,2019,117,97,114,7,21,21,99,1,7,0.21649484536082475,0.868421052631579,0.14285714285714285,0.3333333333333333,ad-type; allied; chemotypes; collectively; contrasts; demonstrating; deteriorations; enabled,ad-type tau; agents tau; aggregates implicated; aggregates potentially; allied neurodegenerative; allowing diagnostic; applied positron; approaches diseases,Tauopathies
32096039,2019,94,71,89,7,21,9,72,0,3,0.1267605633802817,0.8089887640449438,0.0,0.14285714285714285,autosomal; breakthroughs; crossroads; discoveries; dominant; neuropathologically; nfts; redefining,advances imaging; amyloid major; amyloid predominant; analysis biomarkers; app type1; autosomal dominant; biology human; biomarkers mouse,
32096038,2019,212,144,195,10,45,16,151,1,18,0.1111111111111111,0.7743589743589744,0.1,0.4,clinico-pathological; co-pathologies; hallmark; intense; misfolded; overlaps; pdd; prominently,advances identifies; aggregation deposition; although subject; apoe gene; apoe tau; apoe variants; assessment brain; associations apoe,Synucleinopathies
32096036,2019,272,166,251,7,21,32,223,2,14,0.1927710843373494,0.8884462151394422,0.2857142857142857,0.6666666666666666,alzforum; amounting; autosomal; causal; chromosome; composition; displaying; dominantly,accumulation loss; accumulation pathological; accumulation tau; affect ratio; affect splicing; affected brain; affected cell; aggregates tau,Health; Tauopathies
32096034,2019,98,74,91,6,15,20,80,1,6,0.2702702702702703,0.8791208791208791,0.16666666666666666,0.4,adjacent; cell-to-cell; charter; collectively; exo-synaptic; exosomes; ftds; hallmark,accumulating evidence; actively secreted; adjacent cells; advances understanding; although tau; among exosomes; cell taken; cell-to-cell transmission,Tauopathies
32096033,2019,79,66,77,7,21,10,70,1,11,0.15151515151515152,0.9090909090909091,0.14285714285714285,0.5238095238095238,aberrantly; enriched; evolving; huge; illuminate; post-synapse; post-translational; remaining,aberrantly regulated; answered physiological; aspect tau; attention scientific; axon localized; biology chapter; challenges evolving; chapter will,Tauopathies
32096032,2019,124,96,123,6,15,15,107,1,6,0.15625,0.8699186991869918,0.16666666666666666,0.4,accumulates; acetylation; activity-dependent; adversely; augment; demise; earliest; emphasise,accumulates intraneuronal; accumulation modified; acetylation augment; activity synaptic; activity-dependent release; adversely affects; affects critical; aggregates likely,Tauopathies
32096030,2019,132,87,115,6,15,14,108,1,8,0.16091954022988506,0.9391304347826087,0.16666666666666666,0.5333333333333333,axons; confer; expand; ftdp-17; mediating; misregulation; pervasive; post-translational,affects fast; ago understanding; associated temporally; axonal degeneration; axons fast; axons functioning; chapter review; characterization tau,Tauopathies
32096028,2019,100,77,94,7,21,7,83,1,10,0.09090909090909091,0.8829787234042553,0.14285714285714285,0.47619047619047616,autophagy-lysosome; contributors; endolysosomal; misfolded; neuron; perturbations; proteasome,accumulation dysfunctional; appropriate levels; aspect protein; autophagy-lysosome pathway; chapter will; clearance mechanisms; clearance proteasome; clearance will,Proteasome Endopeptidase Complex
32096027,2019,69,60,68,6,15,4,55,1,6,0.06666666666666667,0.8088235294117647,0.16666666666666666,0.4,acetylation; incompletely; potentiation; unraveling,aberrant acetylation; accumulation tau; acetylation multiple; acetylation sites; acetylation tau; aggregates synaptic; aggregation pathological; approaches devastating,Acetylation
32096025,2019,124,94,122,7,21,20,102,2,11,0.2127659574468085,0.8360655737704918,0.2857142857142857,0.5238095238095238,accumulated; bundle; cores; correlate; cryo-em; demonstrating; ftdp-17; inclusions,abnormal proteins; abnormal tau; abnormalities tau; accumulated inclusions; accumulation tau; aggregates composed; aggregation prion-like; among diseases,Pick Disease of the Brain; Tauopathies
32096024,2019,184,123,171,7,21,36,157,2,11,0.2926829268292683,0.9181286549707602,0.2857142857142857,0.5238095238095238,adopt; aggregate-mediated; compositions; conformers; conserved; cross; cryo-microscopy; dominantly,abundant filamentous; acid isoform; acids contrast; acids well; acids wide; adopt combined; adopts cross; adopts fold,Pick Disease of the Brain; Tauopathies
32089828,2019,180,128,170,14,91,39,150,2,35,0.3046875,0.8823529411764706,0.14285714285714285,0.38461538461538464,actin-interaction; antigens; autoantibodies; autoantibody; autoimmunity; bead-bound; beads; digested,able detect; absent control; actin-interaction protein; adapted method; additional eleven; although link; analyzed mass; antibodies digested,Autoantibodies; Proteome
32087948,2020,112,84,102,16,120,13,90,3,60,0.15476190476190477,0.8823529411764706,0.1875,0.5,bioneural; bootstrap; complainers; connectome; covariation; default; dimension; ratios,age individual; analysis examined; analysis identified; assessed partial; association brain; association network; better inform; biomarkers bioneural,Aspartic Acid Endopeptidases; Chitinase-3-Like Protein 1; Neural Pathways
32082407,2019,161,108,150,23,253,11,117,2,101,0.10185185185185185,0.78,0.08695652173913043,0.39920948616600793,acc; class-specific; classifications; classify; non-class-specific; nonlinearly; pmci; separable,acc achieved; accuracy acc; aiming computer-aided; algorithm combination; amongst age-related; analysis conversely; analysis kda; anatomical variations,"Diagnosis, Computer-Assisted; Machine Learning"
32072882,2019,6,6,5,7,21,0,3,3,16,0.0,0.6,0.42857142857142855,0.7619047619047619,,agents cancer; challenges discovery; discovery novel,"Antineoplastic Agents; Drug Resistance, Neoplasm; Phytochemicals"
32065917,2020,117,86,109,15,105,21,104,6,72,0.2441860465116279,0.9541284403669725,0.4,0.6857142857142857,amyloidopathy; amyloidopathy-associated; burst; channels; clamp; depolarizing; firing; hippocampal-thalamo-cortical,action potential; action potentials; activity nucleus; alterations intrinsic; alterations nucleus; alterations t-type; altered intrinsic; amyloidopathy mice,Action Potentials; Calcium Channels; Membrane Potentials; Midline Thalamic Nuclei; Patch-Clamp Techniques
32062666,2019,135,103,124,3,3,24,108,0,0,0.23300970873786409,0.8709677419354839,0.0,0.0,additively; blood-based; causal; comorbidity; converge; dysregulated; end-organ; hemostasis,abnormalities part; accelerated aggravated; accumulating evidence; additively cognitive; aggravated cardiovascular; aging accelerated; aims provide; alters regulation,
32057309,2020,225,159,211,5,10,17,197,0,4,0.1069182389937107,0.933649289099526,0.0,0.4,alone; dyrk1a; elucidating; experimentation; gaba-mediated; inaccuracy; invaluable; mimic,ability mimic; account changes; account discrepancy; adult neurogenesis; alone chapter; alterations adult; alterations available; alterations observed,
32057308,2020,109,84,102,6,15,8,94,0,5,0.09523809523809523,0.9215686274509803,0.0,0.3333333333333333,chromosomal; chromosome; emphasize; endo-lysosomal; endocytosis; endosomal; players; triplication,abnormalities endo-lysosomal; abnormalities set; app amyloid; biomarkers endo-lysosomal; biomarkers review; causative role; caused triplication; cellular biomarkers,
32057307,2020,50,40,46,5,10,3,37,0,3,0.075,0.8043478260869565,0.0,0.3,ad-ds; chromosome; trisomy,ad-ds mouse; ad-ds review; addition suggest; causes dementia; chromosome people; context trisomy; dementia ad-ds; developing early,
32048245,2020,151,95,131,13,78,19,101,3,45,0.2,0.7709923664122137,0.23076923076923078,0.5769230769230769,administering; chitosan; diphtheria; dt-administrated; dt-loaded; empty; encapsulated; encapsulation,administering chitosan; administering empty; aimed evaluating; animals learning; animals showed; approximately encapsulation; average diameter; behavioral learning,"Administration, Intranasal; Diphtheria Toxoid; Injections, Intraventricular"
32045917,2019,143,106,137,7,21,21,122,2,14,0.19811320754716982,0.8905109489051095,0.2857142857142857,0.6666666666666666,alz-heimer; collagenosis; controversial; hypoperfusion; jugular; leukoaraiosis; lumen; medullary,accepted feature; aging alz-heimer; aging modulate; aging parkinson; alz-heimer disease; around periventricular; associated susceptibility-weighted; association deep,Cerebral Veins; Leukoaraiosis
32045913,2019,141,103,130,14,91,24,113,3,52,0.23300970873786409,0.8692307692307693,0.21428571428571427,0.5714285714285714,arabic; back-up; bilingualism; bilinguals; compensation; consequent; demographic; farsi,ages onset; alzheimer clinical; among bilinguals; approximately years; arabic others; availability back-up; back-up either; bilingual patients,Cognitive Reserve; Emigrants and Immigrants; Mental Status and Dementia Tests
32037030,2020,161,79,125,17,136,11,108,4,70,0.13924050632911392,0.864,0.23529411764705882,0.5147058823529411,eighty-two; fifty-two; frailty; offerings; pharmacies; pharmacist; pharmacists; practitioners,accessible health; according caregivers; aim referring; attitudes knowledge; attitudes participants; attitudes toward; burden according; burden burden,Caregiver Burden; Pharmacies; Pharmacists; Pharmacy Technicians
32029236,2020,124,81,111,14,91,10,94,1,27,0.12345679012345678,0.8468468468468469,0.07142857142857142,0.2967032967032967,abnormality; apoe-specific; applying; control-like; cutoffs; depend; extraction; normality,abnormality cutoffs; accumulation considered; accuracy identifying; ad-like intermediate; age apoe; although age; apoe dependent; apoe influences,Heterozygote
32025250,2019,126,90,118,7,21,8,94,0,3,0.08888888888888889,0.7966101694915254,0.0,0.14285714285714285,exclusive; imperative; non-modifiable; preventable; start; triple; ultrasound; wall,ageing often; allele single; allow detect; becomes clinically; better education; better protection; biomarkers methods; cardiovascular risk,
35595404,2022,114,90,109,7,21,9,90,1,9,0.1,0.8256880733944955,0.14285714285714285,0.42857142857142855,ad-modifying; brazilian; considerations; controversial; cyp2d6; decision-making; indian; inter-individual,ad-modifying drugs; affecting quality; although studies; apoe frequently; assist predicting; associations proposed; better treatment; biomarkers associations,Pharmacogenomic Testing
34821170,2021,107,76,102,6,15,18,90,1,5,0.23684210526315788,0.8823529411764706,0.16666666666666666,0.3333333333333333,aca; act; affordable; authentic; empowered; family-centered; forum; forums,aca mixed-methods; aca negative; act aca; act thematic; affordable care; analysis online; analyze caregiver; analyze caregivers,Patient Protection and Affordable Care Act
34756235,2020,158,100,139,10,45,20,128,0,6,0.2,0.920863309352518,0.0,0.13333333333333333,cgy; charged; conditioning; corroborate; glial; hze; irradiated; irradiation,able pass; acquire amyloid; activation oxidative; age demonstrated; age evaluated; age found; age iron; alter amyloid,
34752348,2021,97,76,92,5,10,9,79,1,4,0.11842105263157894,0.8586956521739131,0.2,0.4,applicability; invasive; metabolomics; omics; panels; replicate; standardising; thresholds,accessible less; apoptosis neurodegeneration; applicability clinical; application given; approaches isolated; approved structural; assist implementation; available published,Metabolomics
33633844,2020,159,127,154,8,28,37,139,0,10,0.29133858267716534,0.9025974025974026,0.0,0.35714285714285715,acsm1; alone; apba2; aplp1; bace2; bcl2l; born; chr,absence chr; acsm1 apba2; age age; age due; age hereditary; alone cause; analysis genesets; analysis transcription,
34393677,2020,91,70,87,12,66,17,81,2,31,0.24285714285714285,0.9310344827586207,0.16666666666666666,0.4696969696969697,attenuate; attenuated; collections; cpg; dinucleotides; epigenomic; guided; innate,advanced age; age develop; analyses neurofibrillary; analyses three; apoe alzheimer; appears attenuate; associated attenuated; associated expression,Epigenomics; Heterozygote
34316365,2020,74,57,70,6,15,11,57,2,9,0.19298245614035087,0.8142857142857143,0.3333333333333333,0.6,frailty; glycaemic; glycated; glycemic; hba1c; hemoglobin; hyper; hypo-glycemic,advanced phase; advanced phases; affected type; bpsd delirium; bpsd frailty; cga including; common advanced; complete metabolic,Delirium; Glycemic Control
34238525,2021,126,71,107,4,6,3,85,0,0,0.04225352112676056,0.794392523364486,0.0,0.0,adks; scarce; segments,adks assessed; adks score; adks scores; age correlated; among informal; aspects older; assessed knowledge; assessing degree,
34238524,2021,123,80,116,6,15,9,105,3,12,0.1125,0.9051724137931034,0.5,0.8,administrative; basque; computerised; december; dimension; gipuzkoa; handling; institutionalised,according literature; administrative clinical; administrative databases; allows innovative; analyse validity; approaches identifying; available data; based administrative,Internet; Registries; Spain
34233431,2020,99,79,93,4,6,12,75,1,3,0.1518987341772152,0.8064516129032258,0.25,0.5,analogs; anti-aging; chest; disease-preventing; humanity; phytochemicals; plants; prospects,addition phytochemicals; agents addition; agents natural; agents several; agents unsuccessful; aimed treating; analogs aimed; anti-ad properties,Phytochemicals
34179863,2020,257,137,210,14,91,26,169,4,53,0.1897810218978102,0.8047619047619048,0.2857142857142857,0.5824175824175825,acrophase; actigraphy; bidirectional; brightfocus; chicago; circadian; cox; doubled,accelerated aging; acrophase interdaily; acrophase representing; actigraphy four; actigraphy quantify; activities actigraphy; activity rhythm; adults circadian,Actigraphy; Chronobiology Disorders; Community-Based Participatory Research; Proportional Hazards Models
34171052,2020,98,83,95,6,15,11,75,0,3,0.13253012048192772,0.7894736842105263,0.0,0.2,adding; adjunctive; crossroad; highlight; hormonal; immunological; informally; insidious,adding third; adjunctive treatment; aims highlight; approach recent; approached crossroad; certain patients; changes observed; changes paranoid,
34037540,2020,166,104,153,12,66,21,134,4,47,0.20192307692307693,0.8758169934640523,0.3333333333333333,0.7121212121212122,carlo; dedicated; deposited; histology; kev; location; mgy; monte,allowing dose; amyloid brain; amyloid targets; amyloid-like fibril; anatomy found; approach allowing; assessment alzheimer; behavior planar,"Amyloidogenic Proteins; Scattering, Small Angle; X-Ray Diffraction; X-Rays"
34013797,2021,162,92,130,17,136,26,111,1,64,0.2826086956521739,0.8538461538461538,0.058823529411764705,0.47058823529411764,aic; akaike; arterial; centrum; dvr; estimates; grey; hcs,adequate quantitative; aic micro; aic t2k; akaike criteria; analysed simplified; arterial sampling; assessed akaike; averaged subjects,Pyrrolidinones
33936504,2020,103,79,96,6,15,12,74,0,4,0.1518987341772152,0.7708333333333334,0.0,0.26666666666666666,amounts; cnn; cnns; convolutional; densecnn; densely; hippocampus-based; lightweight,ability behavior; accurate lightweight; adni databases; affecting human; amounts training; analyses mainly; average accuracy; based hippocampus,
33936446,2020,99,68,90,5,10,13,83,1,5,0.19117647058823528,0.9222222222222223,0.2,0.5,broadening; dropping; exclusion; generalizability; hesitant; jointly; leveraging; limit,adjustments eligibility; administration guidance; affect generalizability; algorithm assessed; argued broadening; assess adjustments; assessed changes; assessment algorithm,Eligibility Determination
33936415,2020,93,61,85,12,66,10,75,2,39,0.16393442622950818,0.8823529411764706,0.16666666666666666,0.5909090909090909,alone; implicit; implicitly; mediators; ofa; ofcandidate; ofimaging; polygenic,aggregate genetic; analysis comprises; applied proposed; biomarkers statistical; brain disorders; cohorts study; comprises polygenic; demonstrated promise,Mediation Analysis; Multifactorial Inheritance
33936412,2020,107,72,94,7,21,18,86,2,12,0.25,0.9148936170212766,0.2857142857142857,0.5714285714285714,adrd; amounts; cox; ehrs; implementing; individual-level; leverage; meaningful,adrd onsets; adrd patients; adrd ultimately; adrd vast; advance clinical; algorithm cox; algorithms developed; algorithms large,Electronic Health Records; Proportional Hazards Models
33909958,2021,123,92,115,9,36,26,100,3,24,0.2826086956521739,0.8695652173913043,0.3333333333333333,0.6666666666666666,abc; activating; ad-associated; atp; attribution; cassette; clinvar; down-regulation,abc atp; abc transporter; aberrant activation; aberrant up-regulation; activating abc; activation abc; ad-associated candidate; analysis gsea,"ATP-Binding Cassette Transporters; Databases, Genetic; Down-Regulation"
33789287,2020,135,94,122,5,10,15,99,0,1,0.1595744680851064,0.8114754098360656,0.0,0.1,align; atn; belonging; demographic; factorial; karolinska; kids; limbic-predominant,abnormalities wmsas; adni naturalistic; adni younger; align recent; analysis mixed; association atrophy; associations subtypes; atn classification,
33778838,2020,157,86,126,6,15,16,104,2,9,0.18604651162790697,0.8253968253968254,0.3333333333333333,0.6,bleeding; cnki; deadline; depth; extraction; meta; periodontal; periodontitis,analysis evaluate; association periodontitis; attachment loss; authors meta; bleeding probing; case-control five; clinical attachment; clinical evidences,Dental Plaque Index; Periodontitis
33735870,2020,125,91,115,11,55,9,84,1,14,0.0989010989010989,0.7304347826086957,0.09090909090909091,0.2545454545454545,autonomic; bvftd; comorbidity; disabling; head-up; oh-induced; subtypes; tilt,activities reduce; adjusting age; adults crucial; adults dementia; affect daily; aimed investigate; assessment including; associated odds,"Hypotension, Orthostatic"
33712376,2023,176,114,159,6,15,15,129,1,7,0.13157894736842105,0.8113207547169812,0.16666666666666666,0.4666666666666667,accessibility; accurately; amnesic; constructed; datasets; default; fluctuation; low-frequency,accessibility neurobiological; accuracy furthermore; accurately predicted; across default; algorithm support; algorithms effectively; amnesic mci; amnesic mild,Machine Learning
33681678,2021,174,126,165,13,78,26,143,6,57,0.20634920634920634,0.8666666666666667,0.46153846153846156,0.7307692307692307,cerebral-derived; cerebrosterol; chow; circulating; clearing; gluconeogenesis; glucuronidation; hepatic,acid oxidation; affect peripheral; age high-fat; although circulating; amyloid cerebrosterol; amyloid metabolizing; associated fatty; associated reduction,"Brain-Gut Axis; Diet, High-Fat; Hydroxycholesterols; Lipogenesis; Liver"
33633739,2020,92,82,87,21,210,14,72,9,179,0.17073170731707318,0.8275862068965517,0.42857142857142855,0.8523809523809524,cascades; ceramides; elaborate; mediators; metabolites; panels; polyunsaturated; pro-resolving,acids metabolites; affect ongoing; anti-inflammatory signaling; approaches resolve; bioactive lipids; biomarker panels; cascades central; ceramides sphingosine-1-phosphate,"Central Nervous System; Ceramides; Fatty Acids, Omega-6; Fatty Acids, Unsaturated; Lysophospholipids"
33632093,2020,8,8,7,5,10,1,5,2,7,0.125,0.7142857142857143,0.4,0.7,store-operated,associated mechanisms; calcium entry; entry alzheimer; inhibition store-operated; store-operated calcium,Calcium; Endoplasmic Reticulum
33632092,2020,8,7,7,5,10,3,7,1,5,0.42857142857142855,1.0,0.2,0.5,car; lockdown; road,alzheimer research; car current; current alzheimer; even lockdown; research even; research road; road research,COVID-19
33628204,2020,149,110,145,12,66,23,130,5,51,0.20909090909090908,0.896551724137931,0.4166666666666667,0.7727272727272727,c1q; c1q-tagged; classical; co-immunoprecipitation; colocalizes; complement-mediated; confocal; defense,aberrant neurodegenerative; activate complement; activation classical; adult animals; adult mice; adverse conditions; animals summary; becomes aberrant,C-Reactive Protein; Complement C1q; Complement C4; Pentraxins; Phagocytosis
33615673,2021,121,54,81,14,91,14,74,0,23,0.25925925925925924,0.9135802469135802,0.0,0.25274725274725274,adnp; ammonis; coordinating; cornu; covariance; detectable; freesurfer; misdiagnosed,adnp adnp; adnp atrophy; adnp compared; adnp participants; adnp query; adnp without; aging common; aging hippocampal,
33613545,2020,212,151,206,10,45,32,195,3,34,0.2119205298013245,0.9466019417475728,0.3,0.7555555555555555,adp; applying; atp; bulk; c5a; co-culture; homeostatic; ipsc,ad-related disease; adp well; applications high; applied study; applying directed; associated gene; atp adp; brain microglial,Cell Culture Techniques; Cell Differentiation; Induced Pluripotent Stem Cells
33605860,2020,99,64,91,16,120,4,71,4,68,0.0625,0.7802197802197802,0.25,0.5666666666666667,mexican; neurofilament; nfl; simoa,americans marker; americans normal; americans participants; analyzed difference; assayed simoa; attention executive; battery neuropsychological; changes cognition,Executive Function; Healthy Volunteers; Mexican Americans; Neurofilament Proteins
33602502,2021,90,77,89,13,78,9,80,4,60,0.11688311688311688,0.898876404494382,0.3076923076923077,0.7692307692307693,astrocyte-mediated; astrocytic; diseased; il-33; phagocytic; phagocytosing; refinement; secreting,actively participate; addition suggested; aggregates addition; aging discussed; aim provide; astrocyte-mediated phagocytosis; astrocytes actively; astrocytes phagocytic,"Complement C3; Interleukin-33; Phagocytosis; Protein Aggregation, Pathological"
33602095,2020,113,91,109,9,36,15,95,0,11,0.16483516483516483,0.8715596330275229,0.0,0.3055555555555556,bi-directional; crosstalk; disrupts; feed-forward; inducer; intermediator; ligand; mediates,ability bind; actions review; activation via; amyloid-beta production; bi-directional crosstalk; bind broad; brain many; brain review,
33602093,2020,119,78,104,13,78,15,93,3,34,0.19230769230769232,0.8942307692307693,0.23076923076923078,0.4358974358974359,co-treatment; enzyme-linked; immunolabeling; immunosorbent; leptin; maybe; moa; monotherapies,agent monotherapies; animals received; anti-a effect; anti-amyloid effect; anti-inflammatory agent; assay elisa; challenged single-target; co-treatment app,Hypoglycemic Agents; Leptin; Pioglitazone
33602092,2020,203,138,185,13,78,21,156,3,39,0.15217391304347827,0.8432432432432433,0.23076923076923078,0.5,amelioration; attenuation; cat; exerts; forty; high-intensity; hiit; impregnation,accompanied increased; activation bdnf; activity bdnf; adaptation effects; adaptation followed; adjustment minutes; alzheimer trained; alzheimer untrained,"High-Intensity Interval Training; Neuroprotection; Physical Conditioning, Animal"
33602091,2020,169,109,151,14,91,23,133,3,49,0.21100917431192662,0.8807947019867549,0.21428571428571427,0.5384615384615384,ad-associated; angiogenic; appswe; attractive; bc3-tg; bryostatin-1; dbo; de9,acquisition phase; acquisition retention; across acquisition; actions bryostatin-1; activates secretase; activation assays; activation novel; activity greater,Bryostatins; Protein Kinase C; Spatial Learning
33602090,2020,199,127,177,10,45,21,158,2,32,0.16535433070866143,0.8926553672316384,0.2,0.7111111111111111,advantageous; belong; biocompatible; circulate; crystals; injectable; intranasal; microemulsions,achieved via; addition current; administration routes; advantageous targeting; affect person; along available; approaches nanotechnology; associated diseases,Drug Administration Routes; Nanotechnology
33602089,2020,174,136,166,6,15,35,150,2,10,0.25735294117647056,0.9036144578313253,0.3333333333333333,0.6666666666666666,a-camp; addiction; alcoholism; ampprotein; apart; articulated; besides; breakthrough,a-camp response; absence therapeutic; addiction parkinsonism; alcoholism anxiety; ampprotein kinase; amyloid neuronal; apart various; apoptosis etc,Cyclic AMP Response Element-Binding Protein; Cyclic AMP-Dependent Protein Kinases
33602087,2020,182,123,170,17,136,18,143,4,68,0.14634146341463414,0.8411764705882353,0.23529411764705882,0.5,amygdalar; amygdalas; auxiliary; basolateral; basomedial; centromedial; datasets; diffeomorphic,abnormalities alzheimer; abnormalities bilateral; abnormalities brain; abnormalities different; accuracy boost; aimed employ; amygdala automated; amygdala different,Amygdala; Datasets as Topic; Mental Status and Dementia Tests; Prodromal Symptoms
33601398,2020,142,95,128,12,66,15,99,2,33,0.15789473684210525,0.7734375,0.16666666666666666,0.5,activating; alz-heimer; appswe; blotting; c57bl; clues; con; eosin,abilities morphological; activating vdr; active form; adult male; age-matched mice; alleviates cognitive; alz-heimer disease; appswe ps1,MAP Kinase Signaling System; Vitamin D
33601385,2020,90,70,83,8,28,8,68,2,17,0.11428571428571428,0.8192771084337349,0.25,0.6071428571428571,anesthetic; complication; enriched; messages; noncardiac; perioperative; surgical; undergo,aims elucidate; analyze possible; anesthetic factors; attention pocd; cardiac noncardiac; complication requiring; consequence postoperative; currently number,Central Nervous System; Postoperative Cognitive Complications
33593259,2020,159,97,139,12,66,24,120,3,34,0.24742268041237114,0.8633093525179856,0.25,0.5151515151515151,amplitudes; asked; attentional; attentive; button; centro-parietal; deviant; erps,adults pre-attentive; affect later; aimed investigate; amplitudes comparable; amplitudes erps; amplitudes group; amplitudes standard; amplitudes target,"Evoked Potentials, Visual; Parietal Lobe; Prodromal Symptoms"
33585279,2020,145,104,136,8,28,22,114,2,14,0.21153846153846154,0.8382352941176471,0.25,0.5,antibiotic; antibiotics; bacteria; behaviors; composition; diets; fecal; gastroenterologists,acids hippocampus; administration along; administration antibiotics; administration microbiota-based; affected gut; along beneficial; alterations genes; analysis normal,Gastrointestinal Microbiome; Probiotics
33583383,2020,150,94,132,12,66,11,114,3,47,0.11702127659574468,0.8636363636363636,0.25,0.7121212121212122,clamp; currents; line; neuroblastoma; recordings; resilience; retinoic; start,able demonstrate; accumulation cell; accumulation toxic; accumulation well; acid brain; acid brain-derived; acid electrophysiological; affected cells,Cell Differentiation; Neuroblastoma; Tretinoin
33583382,2020,205,123,180,10,45,26,158,1,13,0.21138211382113822,0.8777777777777778,0.1,0.28888888888888886,channel; channel-wise; deoxy-hemoglobin; discriminated; extraction; fnirs; groupdistinction; hcs,accuracies proposed; accuracies see; activated groups; activated instead; activated svft; activation ventrolateral; among three; analysis lda,"Spectroscopy, Near-Infrared"
33583381,2020,270,140,229,16,120,22,187,1,47,0.15714285714285714,0.8165938864628821,0.0625,0.39166666666666666,admci; agreed; arteriosclerosis; atherosclerosis; controversial; coordinating; corrected; correcting,acute subacute; addition number; additive effect; adjusting neuritic; adjusting pathologies; admci dementia; aetiology including; age death,Neuropathology
33583380,2020,159,114,148,14,91,18,130,1,28,0.15789473684210525,0.8783783783783784,0.07142857142857142,0.3076923076923077,blindly; brass; correlating; dice; followup; hermes; hypometabolic; hypometabolism,ability identify; abnormal regions; accuracy clinically; across fdg-pet; analysis methods; analysis predicting; assigned diagnosis; automated brain,"Models, Statistical"
33582677,2020,213,125,197,11,55,13,148,0,7,0.104,0.751269035532995,0.0,0.12727272727272726,abc; abc-ds; ad-type; depended; facility; grain; moderate-to-severe; nagasaki,abc dementia; abc-ds administered; abc-ds beneficial; abc-ds comprehensive; abc-ds correlated; abc-ds domain; abc-ds new; abc-ds outpatients,
33578194,2021,158,109,140,19,171,18,115,2,81,0.1651376146788991,0.8214285714285714,0.10526315789473684,0.47368421052631576,ancestry; assuming; cd2-associated; cd2ap; demographic; essentially; first-degree; irap,additional characteristics; additive genetic; adjusting additional; adjusting apoe; allele included; alzheimer prevention; among middle-aged; among offspring,Medical History Taking; Multifactorial Inheritance
33576571,2021,117,88,110,11,55,14,100,4,42,0.1590909090909091,0.9090909090909091,0.36363636363636365,0.7636363636363637,applying; avenues; disease-free; drosophila; dysregulated; exome; exomes; harnessing,allele protective; apoe allele; apoe alzheimer; apoe apoe; apoe homozygotes; apoe identify; applying approach; approach larger,Apolipoprotein E2; Drosophila; Heterozygote; Homozygote
