pmid,year_enr,journal_title,journal_iso,sjr,sjr_quartile,year,n_tokens,n_unique_unigrams,n_unique_bigrams,n_mesh,n_mesh_pairs,n_new_unigrams,n_new_bigrams,n_new_mesh,n_new_mesh_pairs,share_new_unigrams,share_new_bigrams,share_new_mesh,share_new_mesh_pairs,examples_new_unigrams,examples_new_bigrams,examples_new_mesh
25548087,2015,Journal of applied gerontology : the official journal of the Southern Gerontological Society,J Appl Gerontol,0.885,Q1,2015,99,72,89,16,120,8,70,3,53,0.1111111111111111,0.7865168539325843,0.1875,0.4416666666666666,daily-diary; day-to-day; gps; multi-method; multilevel; occasion-specific; out-of-home; weekday,adults cognitive; adults different; adults showed; age appears; aggregate level; appears impact; approach gps; basis mci,Geographic Information Systems; Geriatric Psychiatry; Mobility Limitation
25548086,2015,Journal of applied gerontology : the official journal of the Southern Gerontological Society,J Appl Gerontol,0.885,Q1,2015,100,66,88,18,153,9,71,4,70,0.1363636363636363,0.8068181818181818,0.2222222222222222,0.457516339869281,automatized; concrete; confounders; demanding; gathered; gps; out-of-home; sentra,activities high; activities particularly; activities showed; adults aged; adults different; adults findings; automatized walking; behavior cognitive,Geographic Information Systems; Geriatric Psychiatry; Mobility Limitation; Walking
23857871,2015,Asia-Pacific psychiatry : official journal of the Pacific Rim College of Psychiatrists,Asia Pac Psychiatry,0.461,Q2,2015,104,57,75,10,45,5,54,1,10,0.087719298245614,0.72,0.1,0.2222222222222222,boxes; incontinence; rating-sum; urge; urinary,adjustment different; aimed evaluate; associated clinical; barthel activities; boxes barthel; boxes global; characteristics patients; common elderly,Urinary Incontinence
26154755,2015,Journal of the Formosan Medical Association = Taiwan yi zhi,J Formos Med Assoc,0.729,Q2,2015,134,88,125,17,136,9,97,1,47,0.1022727272727272,0.776,0.0588235294117647,0.3455882352941176,aor; carriage; check-ups; cisd2; haplotype-tagging; htsnps; rs223330; rs223331,accumulation beta-amyloid; addition hypertension; addition inhibition; aging gene; aimed explore; animals addition; aor addition; aor confidence,Taiwan
25529594,2015,Applied neuropsychology. Adult,Appl Neuropsychol Adult,0.514,Q3,2015,162,118,155,8,28,15,134,0,2,0.1271186440677966,0.864516129032258,0.0,0.0714285714285714,alexia; apraxia; bases; cognition-focused; educated; exercises; grant; moments,abilities learning; abilities study; across moments; affected resulting; alexia spatial; approach highly; approaches patients; apraxia alexia,
25529589,2015,Applied neuropsychology. Adult,Appl Neuropsychol Adult,0.514,Q3,2015,133,77,108,12,66,9,78,0,2,0.1168831168831168,0.7222222222222222,0.0,0.0303030303030303,additions; attempting; construct-consistent; neurologic; rbans; retention; short-term; stepwise,accuracy rbans; addition construct; additions provided; assessed comparing; attempting identify; attention visuoconstruction; comparable neuropsychological; comparing patients,
24652914,2015,Journal of applied gerontology : the official journal of the Southern Gerontological Society,J Appl Gerontol,0.885,Q1,2015,76,58,70,13,78,8,57,1,21,0.1379310344827586,0.8142857142857143,0.0769230769230769,0.2692307692307692,aerobic; cycling; dad; inventory-caregiver; mixed; npi-q; repeated-measures; single-group,adas-cog dad; adas-cog disability; adults mild-to-moderate; aerobic exercise; affects alzheimer; alzheimer symptoms; analyzed mixed; appears effective,Exercise Therapy
24652910,2015,Journal of applied gerontology : the official journal of the Southern Gerontological Society,J Appl Gerontol,0.885,Q1,2015,86,61,78,9,36,12,75,3,27,0.1967213114754098,0.9615384615384616,0.3333333333333333,0.75,agencies; consenting; enroll; evidence-based; fit; oversight; rdad; realities,activities experiences; activities selecting; agencies implement; best fit; challenges growing; challenges program; community setting; community-based program,"Evidence-Based Practice; Health Promotion; Translational Research, Biomedical"
24652902,2015,Journal of applied gerontology : the official journal of the Southern Gerontological Society,J Appl Gerontol,0.885,Q1,2015,78,48,68,10,45,8,58,3,28,0.1666666666666666,0.8529411764705882,0.3,0.6222222222222222,accepted; examples; ideas; inspiration; misinformation; promotion; reluctant; suffered,accepted health; adults challenges; aging physicians; ago screening; associated memory; awareness early; cancer screening; cancer strategies,Attitude to Health; Health Promotion; Primary Health Care
24652899,2015,Journal of applied gerontology : the official journal of the Southern Gerontological Society,J Appl Gerontol,0.885,Q1,2015,101,66,92,11,55,7,73,0,9,0.106060606060606,0.7934782608695652,0.0,0.1636363636363636,appraisals; composite; education-only; fostering; incorporated; mixed; supportive,appraisals provide; assessment resources; benefits maintain; burden fostering; caregivers overall; caregivers perceived; caregivers stress; caregiving improving,
25538123,2016,"Dementia (London, England)",Dementia (London),1.285,Q1,2016,97,80,91,11,55,25,81,3,30,0.3125,0.8901098901098901,0.2727272727272727,0.5454545454545454,acceptance; access; adjudication; anglophones; appearances; calgary; canada; candidacy,acceptance resistance; access diagnosis; adjudication providers; analysis candidacy; anglophones calgary; appearances services; appropriate medical; calgary francophones,Canada; Health Services Accessibility; Patient Navigation
25476006,2016,"Dementia (London, England)",Dementia (London),1.285,Q1,2016,87,75,83,6,15,16,74,0,1,0.2133333333333333,0.891566265060241,0.0,0.0666666666666666,accepted; accepting; assistance; cared; depicts; discontinuity; feels; gives,accepted important; accepting change; analysis focus; assist woman; assistance instrumental; attempt remain; becoming cared; care essential,
25425445,2016,"Dementia (London, England)",Dementia (London),1.285,Q1,2016,88,63,80,10,45,5,72,0,11,0.0793650793650793,0.9,0.0,0.2444444444444444,accepting; enjoying; helped; inclusiveness; thematically,accepting coping; activities developed; alzheimer society; analysed thematically; attending singing; based group; behavioural functioning; benefits singing,
25814404,2015,Brain stimulation,Brain Stimul,2.402,Q1,2015,162,97,147,14,91,14,126,3,38,0.1443298969072164,0.8571428571428571,0.2142857142857142,0.4175824175824176,atrophied; circuit; circuit-wide; counteracts; dbs; deformation-based; expansions; fornix,across dbs; activity dbs; activity within; addition modulating; applied fornix; assess one-year; atrophied present; atrophy neurodegenerative,"Deep Brain Stimulation; Fornix, Brain; Glucose"
25747405,2015,The American journal of geriatric psychiatry : official journal of the American Association for Geriatric Psychiatry,Am J Geriatr Psychiatry,1.581,Q1,2015,140,87,122,12,66,11,102,0,6,0.1264367816091954,0.8360655737704918,0.0,0.0909090909090909,anti-ad; california; completers; ethnically; exam; nincds-adra; non-latino; propensity,according usual; analyses applied; analyses techniques; anti-ad drugs; apparently benefit; assess factors; associated donepezil; average year,
25725942,2015,Neurobiology of aging,Neurobiol Aging,2.352,Q1,2015,111,62,96,12,66,13,85,1,36,0.2096774193548387,0.8854166666666666,0.0833333333333333,0.5454545454545454,boost; contraindicate; dna-immunized; immunizations; immunized; immunosenescence; intradermal; noninflammatory,aged animal; aged dna; aged mice; aging immune; although found; antibodies dna; antibodies without; antibody levels,T-Lymphocytes
25712639,2015,Pharmacological reports : PR,Pharmacol Rep,0.807,Q2,2015,143,119,138,13,78,12,109,2,47,0.1008403361344537,0.7898550724637681,0.1538461538461538,0.6025641025641025,acknowledged; amyloidal; centered; d-aspartate; decelerate; definite; inspired; intricacies,achieve definite; acknowledged progressive; adult life; advances field; amyloidal protein; aspects disease; aspects pathophysiological; authors will,"Drugs, Investigational; Molecular Targeted Therapy"
25669145,2015,Clinical pharmacology and therapeutics,Clin Pharmacol Ther,1.842,Q1,2015,59,47,55,8,28,11,47,3,21,0.2340425531914893,0.8545454545454545,0.375,0.75,agency; camd; coalition; ddt; dosing; ema; expedite; inefficacy,advanced clinical; agency ema; attributable inadequate; camd formed; camd led; coalition major; cts tool; ddt expedite,Drug Approval; Europe; United States Food and Drug Administration
25659857,2015,Neurobiology of aging,Neurobiol Aging,2.352,Q1,2015,115,76,100,19,171,12,79,4,78,0.1578947368421052,0.79,0.2105263157894736,0.4561403508771929,amsterdam; csf-tau; endophenotype; genotype-endophenotype; haplotype; haplotype-based; rs11218340-a; rs2070045-g,additionally haplotype-based; allele related; alleles genotype-endophenotype; amsterdam dementia; amyloid-beta total; analyses association; approach included; association haplotype,Amides; LDL-Receptor Related Proteins; Membrane Transport Proteins; Phosphoric Acids
25655033,2015,International journal of neural systems,Int J Neural Syst,1.32,Q1,2015,108,87,103,14,91,11,91,1,27,0.1264367816091954,0.883495145631068,0.0714285714285714,0.2967032967032967,applicable; capturing; concisely; electroence; methodology; multiscale; patient-specific; phalography,additional results; aimed characterize; allows extract; analysis applicable; analysis reveals; applicable longitudinal; approach combined; approach complex,Nerve Net
25619662,2015,Neurobiology of aging,Neurobiol Aging,2.352,Q1,2015,150,99,138,13,78,25,123,5,51,0.2525252525252525,0.8913043478260869,0.3846153846153846,0.6538461538461539,angiogenesis; astroglia; auxiliary; blockers; calcium; cav1; collagen-iv-stained; halo,adult alzheimer; age-matched wild-type; alzheimer mice; alzheimer transgenic; angiogenesis cortical; angiogenesis potentiated; around beta-amyloid; associated beta-amyloid,"Calcium Channel Blockers; Calcium Channels, L-Type; Neovascularization, Pathologic; RNA, Messenger; Substance P"
25619661,2015,Neurobiology of aging,Neurobiol Aging,2.352,Q1,2015,149,109,143,11,55,16,118,1,21,0.146788990825688,0.8251748251748252,0.0909090909090909,0.3818181818181818,anti-tau; antibody-based; cautionary; chose; documented; e2-treatment; engage; immunized,active brains; addition lack; administration anti-tau; advanced clinical; age-dependent spatial; among j20; anti-tau antibodies; anti-tau antibody-based,"Antibodies, Monoclonal"
25616912,2015,Neurobiology of aging,Neurobiol Aging,2.352,Q1,2015,107,78,98,13,78,15,86,3,42,0.1923076923076923,0.8775510204081632,0.2307692307692307,0.5384615384615384,atomic; biopanning; combines; demonstrating; diversity; isolate; isolation; libraries,ages neurofibrillary; antibody fragments; antibody libraries; approach developing; atomic force; bind oligomeric; bind toxic; binding diversity,Immunoglobulin Variable Region; Peptide Library; Protein Aggregates
25616451,2015,Epilepsy research,Epilepsy Res,0.963,Q2,2015,170,107,147,21,210,24,127,8,144,0.2242990654205607,0.8639455782312925,0.3809523809523809,0.6857142857142857,asc; ascorbic; co-occurring; crossing; diminished; epilepsy; hemorrhage; hyperkeratosis,accelerate cognitive; acid addition; acid decreased; acid deficiency; acid due; acid ictal; acid increased; acid increases,"Ascorbic Acid; Ascorbic Acid Deficiency; Electrodes, Implanted; Kainic Acid; Malondialdehyde"
25610788,2015,NeuroImage. Clinical,Neuroimage Clin,1.845,Q1,2015,181,109,164,12,66,11,143,1,21,0.1009174311926605,0.8719512195121951,0.0833333333333333,0.3181818181818182,avoid; closed; counting; deterministic; exploits; eyes; fitting; innovative,accuracies achieved; achieved resting; activity due; ad-specific model; age-matched participants; aging mild; analysis capture; analysis develop,Scalp
25610772,2015,NeuroImage. Clinical,Neuroimage Clin,1.845,Q1,2015,150,96,126,13,78,3,88,1,16,0.03125,0.6984126984126984,0.0769230769230769,0.2051282051282051,aibl; cut-off; retention,accumulation basal; addition cluster; adni australian; aibl cohort; aibl studies; amci subjects; amyloid burden; amyloid-beta plaques,Basal Forebrain
25610765,2015,NeuroImage. Clinical,Neuroimage Clin,1.845,Q1,2015,181,140,175,14,91,20,151,0,7,0.1428571428571428,0.8628571428571429,0.0,0.0769230769230769,aal; anatomo-functional; asymmetries; asymmetry; converters; converting; indexes; interest-based,aal atlas; aal vois; accuracy brain; accuracy discriminating; accuracy discrimination; accuracy ranging; adequately long; aimed assessing,
25600696,2015,Redox biology,Redox Biol,2.166,Q1,2015,156,107,136,23,253,13,118,3,136,0.1214953271028037,0.8676470588235294,0.1304347826086956,0.5375494071146245,autooxidation; carbonylation; cytoplasmic; dissection; isoprostane; peroxidation; remarkably; steady,affected severe; aged human; aging cerebral; analyzed global; animals adult; antioxidant neuroprotection; aqueous protein; autooxidation murine,Cytoplasm; Lipid Peroxidation; Species Specificity
25599875,2015,Neurobiology of aging,Neurobiol Aging,2.352,Q1,2015,105,76,99,15,105,12,82,6,80,0.1578947368421052,0.8282828282828283,0.4,0.7619047619047619,anti-prp; blocking; c-enzymatic; calcium; co-localization; conductance; d11; perforations,alzheimer interacts; anti-prp antibody; antibody blocked; antibody d11; association hippocampal; association neurons; attenuated association; binds prpc,Calcium; Cell Membrane; Molecular Targeted Therapy; Pregnancy; Protein Interaction Domains and Motifs
25598395,2015,Cortex; a journal devoted to the study of the nervous system and behavior,Cortex,2.347,Q1,2015,132,87,119,15,105,17,96,2,43,0.1954022988505747,0.8067226890756303,0.1333333333333333,0.4095238095238095,anova; bilingual; bilingualism; bilinguals; born; descriptively; dwelling; educated,age clinical; age clinically; age retrospective; aging involved; americans age; americans bilingualism; americans involved; analyzed monolingualism,Independent Living; Multilingualism
25595498,2015,Neurobiology of aging,Neurobiol Aging,2.352,Q1,2015,97,62,87,22,231,8,74,3,119,0.1290322580645161,0.8505747126436781,0.1363636363636363,0.5151515151515151,autosomal; eofad; inheritance; m233l; neurologic; predisposition; psen1; r352c,apoe genes; assessments genetic; associated prominent; autosomal dominant; carried eofad; characterize phenotypes; characterized onset; chinese eofad,"Genes, Dominant; Genetic Testing; Pedigree"
25592958,2015,Neurobiology of aging,Neurobiol Aging,2.352,Q1,2015,140,72,111,13,78,8,86,1,28,0.1111111111111111,0.7747747747747747,0.0769230769230769,0.358974358974359,amyloid-negative; amyloid-positive; independent-component; logopenic; lvppa; network-level; spatial-temporal; task-free,amyloid-negative controls; amyloid-positive dat; analysis spatial-temporal; aphasia lvppa; aphasia severity; aphasia task-free; assess functional; associated disruptions,Aphasia
25592004,2015,"Nutrition (Burbank, Los Angeles County, Calif.)",Nutrition,1.28,Q1,2015,141,114,137,14,91,12,117,4,66,0.1052631578947368,0.8540145985401459,0.2857142857142857,0.7252747252747253,accepted; alzheimer-type; broadly; cope; difficulty; disabling; diseased; evidently,accepted general; accompanied side; action broadly; aging alzheimer-type; aging brain; aging nutrients; aging protecting; alternative approach,Malnutrition; Micronutrients; Nutritional Status; Vitamins
25585532,2015,Neurobiology of aging,Neurobiol Aging,2.352,Q1,2015,143,75,107,18,153,6,77,2,74,0.08,0.719626168224299,0.1111111111111111,0.4836601307189542,carriage; flagship; full-scale; heterogenous; multicenter; subtly,adults participated; ageing memory; apoe carriage; assessments latent; associated rapidly; associated subtly; average rapidly; average stable,"Memory, Episodic; Multicenter Studies as Topic"
25582749,2015,Neurobiology of aging,Neurobiol Aging,2.352,Q1,2015,153,92,132,13,78,19,105,6,62,0.2065217391304347,0.7954545454545454,0.4615384615384615,0.7948717948717948,biogenesis; compensate; disease-like; drp1; dynamin-related; fis1; fission; mfn1,ad-like mice; age-matched vehicle-injected; alzheimer disease-like; amount mitochondrial; amyloid-beta protein; atrophy opa1; biogenesis cognitive; biogenesis early,"DNA, Mitochondrial; Dynamins; GTP Phosphohydrolases; Mitochondrial Proteins; Mitochondrial Turnover"
25579841,2015,Advances in medical sciences,Adv Med Sci,0.711,Q2,2015,92,72,89,7,21,2,72,0,1,0.0277777777777777,0.8089887640449438,0.0,0.0476190476190476,ndd; pathophysiologic,already early; amyloid pet; application neurochemical; atrophy structural; biomarkers early; biomarkers following; classified reflecting; concentrations decreased,
25577411,2015,Neurobiology of aging,Neurobiol Aging,2.352,Q1,2015,66,38,54,11,55,3,33,1,17,0.0789473684210526,0.6111111111111112,0.0909090909090909,0.3090909090909091,frontotemperal; glutamine; synthetase,activity levels; altered total; bodies frontotemperal; cerebral protein; conclude levels; csf diagnostic; csf differentiate; decreased cerebral,Glutamate-Ammonia Ligase
25576369,2015,Psychiatry research,Psychiatry Res,1.137,Q1,2015,105,68,93,12,66,11,68,4,38,0.1617647058823529,0.7311827956989247,0.3333333333333333,0.5757575757575758,alzheimer-type; checking; comorbid; compulsions; hoarding; obsessions; obsessive-compulsive; ocs,aim first; alzheimer-type dementia; appeared higher; cause earlier; checking compulsions; checking obsessions; clinical genetic; comorbid diagnosis,Compulsive Behavior; Compulsive Personality Disorder; Hoarding Disorder; Obsessive Behavior
25575693,2015,Journal of trace elements in medicine and biology : organ of the Society for Minerals and Trace Elements (GMS),J Trace Elem Med Biol,0.793,Q2,2015,143,80,109,18,153,14,83,4,84,0.175,0.7614678899082569,0.2222222222222222,0.5490196078431373,absorption; atomic; c57; catalyze; disastrous; dmt1; expressions; fpn1,absorption spectrometry; accumulates brain; accumulation brain; age iron; age-related brain; appswe ps1; associated loss; associated major,"Cation Transport Proteins; Ferroportin; RNA, Messenger; Solute Carrier Family 11, Member 2"
25575659,2015,Bioorganic & medicinal chemistry letters,Bioorg Med Chem Lett,0.696,Q1,2015,77,69,75,8,28,20,71,4,22,0.2898550724637681,0.9466666666666668,0.5,0.7857142857142857,agonism; agonistic; benzylidene; concurrently; derivative; ec50; hexanoic; ic50,acid scaffold; activation derivative; activities three; activity profile; address causative; agonism inhibition; agonistic lipoxygenase-inhibitory; aromatic core,Arachidonate 5-Lipoxygenase; Caproates; Lipoxygenase Inhibitors; PPAR gamma
25575172,2015,Journal of pharmaceutical and biomedical analysis,J Pharm Biomed Anal,0.786,Q1,2015,129,103,124,12,66,25,107,4,44,0.2427184466019417,0.8629032258064516,0.3333333333333333,0.6666666666666666,asparagine; aspartic; cystine; deficiencies; gas; glutamine; histidine; hyperammonemia,acid adenosine; acid cystine; acid glucose; acid histidine; acid ketoglutarate; acid pyroglutamate; acid tryptophan; adenosine cholesterol,Hyperammonemia; Metabolic Networks and Pathways; Metabolome; Metabolomics
26627706,2016,Molecular neurobiology,Mol Neurobiol,1.472,Q1,2016,168,106,146,17,136,25,128,3,81,0.2358490566037736,0.8767123287671232,0.1764705882352941,0.5955882352941176,acid-induced; activator; alters; app695; dmgs; dmrs; evidently; folate-deficient,absence effective; acid alters; acid gene; acid jak-stat; acid mol; acid supplementation; acid up-regulated; acid-induced dmgs,Janus Kinases; Long-Term Synaptic Depression; STAT Transcription Factors
26611835,2016,Molecular neurobiology,Mol Neurobiol,1.472,Q1,2016,159,104,146,13,78,23,122,6,61,0.2211538461538461,0.8356164383561644,0.4615384615384615,0.782051282051282,clathrin; cochran; funnel; gab2; picalm; plots; protein-associated; publication,allele rs3851179; among included; analyses implemented; assembly protein; assess heterogeneity; associated databases; associated decreased; associated four,"Adaptor Proteins, Signal Transducing; LDL-Receptor Related Proteins; Membrane Transport Proteins; Models, Genetic; Monomeric Clathrin Assembly Proteins"
26611832,2016,Molecular neurobiology,Mol Neurobiol,1.472,Q1,2016,112,78,106,18,153,7,79,1,47,0.0897435897435897,0.7452830188679245,0.0555555555555555,0.3071895424836601,ank1; ankyrin; cpg; hypermethylated; postulate; rs515071; t2d,accordingly ank1; adjacent cpg; adjusting age; allele adjusting; allele rs515071; ank1 gene; ank1 late-onset; ank1 novel,Ankyrins
26558630,2016,Molecular neurobiology,Mol Neurobiol,1.472,Q1,2016,218,140,191,17,136,16,162,3,82,0.1142857142857142,0.8481675392670157,0.1764705882352941,0.6029411764705882,belong; biogenesis; coactivator-1; inter-group; jnk1; jnk2; jnk3; jnks,accompanied reduction; act mediators; addition protein; affecting cognitive; alterations amyloidogenic; amyloidogenic pathway; animals furthermore; animals indicates,"Heterozygote; Mitogen-Activated Protein Kinase 8; RNA, Messenger"
26537901,2016,Molecular neurobiology,Mol Neurobiol,1.472,Q1,2016,118,91,113,7,21,12,103,2,14,0.1318681318681318,0.911504424778761,0.2857142857142857,0.6666666666666666,atp; bioenergetic; carries; dinucleotide; electrons; i-iv; integral; nadh,additional integral; affected furthermore; agents organized; altered alzheimer; apparent mitochondria; area research; atp additional; atp nicotinamide,Electron Transport; Energy Metabolism
26510741,2016,Molecular neurobiology,Mol Neurobiol,1.472,Q1,2016,129,96,126,14,91,21,102,6,71,0.21875,0.8095238095238095,0.4285714285714285,0.7802197802197802,autophagy; becn1; belonged; bin1; bridging; calcium; cdkn2a; clu,additionally genes; alterations phase; altered blood; analysis cytoscape; analyzed detected; analyzed whole; autophagy mitochondria; becn1 cdkn2a,"Beclin-1; Cyclin-Dependent Kinase Inhibitor p16; Cyclin-Dependent Kinase Inhibitor p18; Gene Regulatory Networks; Genes, Neoplasm"
26337250,2016,Geriatrics & gerontology international,Geriatr Gerontol Int,0.905,Q1,2016,149,82,125,22,231,16,91,2,121,0.1951219512195122,0.728,0.0909090909090909,0.5238095238095238,ad-cei; antidiabetic; assayed; c-reactive; crp; designated; dm-oad; factor-alpha,ad-cei dm-oad; ad-cei group; ad-cei treatment; ad-cei without; agents dm-oad; antidiabetic agents; assay methods; assayed enzyme-linked,C-Reactive Protein; Tumor Necrosis Factor-alpha
27504690,2016,"OTJR : occupation, participation and health",OTJR (Thorofare N J),0.585,Q1,2016,101,71,91,5,10,16,82,2,7,0.2253521126760563,0.9010989010989012,0.4,0.7,analytic; expressions; family-centered; filial; firo; fundamental; inform; intensify,abilities expressions; act filial; affected family; among family; analytic induction; around care; based abilities; based geographic,Family Relations; Occupational Therapy
27345793,2016,Stem cell research,Stem Cell Res,0.772,Q2,2016,75,52,66,18,153,18,61,10,135,0.3461538461538461,0.9242424242424242,0.5555555555555556,0.8823529411764706,body-based; c-myc; embryoid; embryonic; episomal; integration-free; l-myc; layers,based expression; body-based differentiation; c-myc l-myc; cell types; cells employing; cells male; cells retained; defined pluripotent,Base Sequence; Cell Differentiation; Cellular Reprogramming; DNA Mutational Analysis; Embryoid Bodies
27345792,2016,Stem cell research,Stem Cell Res,0.772,Q2,2016,76,60,69,19,171,18,63,11,151,0.3,0.9130434782608696,0.5789473684210527,0.8830409356725146,co-electroporation; episomal; hklf4; hl-myc; hlin28; hnanog; hoct4; hsox2,carrying l150p; cells ipscs; co-electroporation episomal; contained specific; containing hoct4; differentiation potential; disease ipscs; displayed vitro,Base Sequence; Cell Differentiation; Cellular Reprogramming; DNA Mutational Analysis; Induced Pluripotent Stem Cells
27305963,2016,Journal of receptor and signal transduction research,J Recept Signal Transduct Res,0.666,Q3,2016,161,121,155,16,120,21,139,4,94,0.1735537190082644,0.896774193548387,0.25,0.7833333333333333,apoptosis-mediating; attracted; born; co-crystal; crystal; dock; e-pharmacophore; e-pharmacophore-based,alleviates memory; among lead1; antagonist gsk-3; apoptosis-mediating production; area comparing; attention recent; attracted significant; based energy,"Crystallography, X-Ray; Molecular Docking Simulation; Protein Conformation; Small Molecule Libraries"
27215014,2015,Zhongguo ying yong sheng li xue za zhi = Zhongguo yingyong shenglixue zazhi = Chinese journal of applied physiology,Zhongguo Ying Yong Sheng Li Xue Za Zhi,0.114,Q4,2015,153,117,144,7,21,8,118,1,6,0.0683760683760683,0.8194444444444444,0.1428571428571428,0.2857142857142857,epidemiologically; extends; fatigue; mic; physiologically; quickly; underling; urgently,already severely; areas extends; available methods; background biological; basis olfaction; behavioral olfactory; biological characteristics; brain already,Olfaction Disorders
27168412,2015,Archives italiennes de biologie,Arch Ital Biol,,,2015,105,79,100,18,153,9,87,6,106,0.1139240506329113,0.87,0.3333333333333333,0.6928104575163399,al-treated; amplitude; ltp; ltps; post-tetanus; potentiation; preferred; producing,according findings; administration low; administration several; al-treated control; al-treated rats; aluminium rat; aluminium resembles; amplitude according,"Electrophysiological Phenomena; Excitatory Postsynaptic Potentials; Injections, Intraperitoneal; Long-Term Potentiation; Sulfhydryl Compounds"
27148797,2016,Psychogeriatrics : the official journal of the Japanese Psychogeriatric Society,Psychogeriatrics,0.65,Q2,2016,171,94,140,19,171,11,109,1,57,0.1170212765957446,0.7785714285714286,0.0526315789473684,0.3333333333333333,in-laws; income; lod; paucity; revision; son; stepwise; strain,according diagnostic; adjusted lod; adjusted study; age caregivers; although burden; analyzed significant; assessed zarit; associated poor,Major Depressive Disorder
27133418,2016,The Journal of nutritional biochemistry,J Nutr Biochem,1.428,Q1,2016,156,119,146,4,6,24,132,1,3,0.2016806722689075,0.9041095890410958,0.25,0.5,blunt; coa; deplete; farnesyl; fpp; geranylgeranyl; ggpp; hmg,activities tocotrienols; activity tocotrienols; amyloid generation; antiinflammatory activity; approach prevention; binding protein-2; bioavailability offer; block processing,Tocotrienols
27061321,2016,Proteomics. Clinical applications,Proteomics Clin Appl,0.792,Q2,2016,123,111,120,15,105,11,104,1,66,0.0990990990990991,0.8666666666666667,0.0666666666666666,0.6285714285714286,achievements; certainly; deciphering; genomics; heritability; innovative; investigative; realized,ability meet; accurate differential; achievements deciphering; affected neurodegeneration; affects younger; although early; available clinicians; biochemical pathways,Tandem Mass Spectrometry
27034741,2016,Oxidative medicine and cellular longevity,Oxid Med Cell Longev,1.388,Q1,2016,36,28,34,7,21,3,26,0,4,0.1071428571428571,0.7647058823529411,0.0,0.1904761904761904,detail; herbal; plant-based,amyloid metabolism; carefully detail; complex age-related; compounds alzheimer; compounds therapeutics; consider role; consider various; detail amyloid,
27000306,2016,Psychiatry research. Neuroimaging,Psychiatry Res Neuroimaging,1.193,Q1,2016,102,60,80,13,78,6,59,1,21,0.1,0.7375,0.0769230769230769,0.2692307692307692,antipsychotic-na; forty; k-npi; misidentification; non-psychosis; vbm,acquired scanner; analysis misidentification; analyzed voxel-based; antipsychotic-na mild; assessed cognitive; assessed delusion; associated less; associated severe,Gray Matter
26981556,2016,EBioMedicine,EBioMedicine,2.847,Q1,2016,132,105,128,7,21,28,115,2,14,0.2666666666666666,0.8984375,0.2857142857142857,0.6666666666666666,authorities; coi; coi-estimates; computable; cost-of-illness; derives; discounted; economy,ad-related care; ad-related prevalence; aging workforce; analyzed simulated; annual predicted; approaches cost-of-illness; authorities target; benefit effective,"Gross Domestic Product; Models, Economic"
26973100,2016,Neurobiology of aging,Neurobiol Aging,2.352,Q1,2016,101,82,97,16,120,7,86,3,66,0.0853658536585365,0.8865979381443299,0.1875,0.55,fibrils-induced; ht1a; intrahippocampal; mppf; neurotransmission; paralleled; serotonergic,accumulates suggesting; amyloid-beta fibrils; astrocytes showed; autoradiography revealed; axonal sprouting; brain evidence; brains days; caused pathophysiological,"Corpus Striatum; Injections; Receptors, Serotonin, 5-HT1"
26947052,2016,European neuropsychopharmacology : the journal of the European College of Neuropsychopharmacology,Eur Neuropsychopharmacol,1.911,Q1,2016,158,110,148,17,136,15,118,4,67,0.1363636363636363,0.7972972972972973,0.2352941176470588,0.4926470588235294,ancestry; ashkenazi; bin1; bridging; copies; implementing; integrator; israeli,addition apoe; additional potential; affected sample; allele genotypes; although preliminary; among ashkenazi; among t2d; ancestry covariates,"Adaptor Proteins, Signal Transducing; Memory, Episodic; Nuclear Proteins; Tumor Suppressor Proteins"
26923416,2016,Neurobiology of aging,Neurobiol Aging,2.352,Q1,2016,104,73,91,17,136,16,79,5,77,0.2191780821917808,0.8681318681318682,0.2941176470588235,0.5661764705882353,apes; aquariums-accredited; beringei; captive; captivity; coiled; disease-type; gorilla,age-related events; age-related increase; age-related pathologies; aged great; aged wild; alzheimer disease-type; american zoos; animals demonstrate,"Animals, Wild; Animals, Zoo; Gorilla gorilla; Neocortex; Oligodendroglia"
26923415,2016,Neurobiology of aging,Neurobiol Aging,2.352,Q1,2016,112,84,107,16,120,10,89,2,56,0.119047619047619,0.8317757009345794,0.125,0.4666666666666667,doxycycline; multiparametric; non-invasive; pathology-a; rtg4510; suppression; tau-mediated; tau-related,accumulation suppression; altered doxycycline; amide proton; atrophy discernible; atrophy treated; differences amide; different time; discernible months,Doxycycline; Transgenes
26923413,2016,Neurobiology of aging,Neurobiol Aging,2.352,Q1,2016,157,92,129,20,190,6,102,2,67,0.0652173913043478,0.7906976744186046,0.1,0.3526315789473684,logical; neurobiologic; thinner; val; val66met; yearly,adas-cog semantic; addition effect; aging genetic; aging mild; assessments carried; bdnf genotype; bdnf met; bdnf val,"Heterozygote; Memory, Episodic"
26923412,2016,Neurobiology of aging,Neurobiol Aging,2.352,Q1,2016,110,77,97,9,36,14,86,2,17,0.1818181818181818,0.8865979381443299,0.2222222222222222,0.4722222222222222,accompany; discretely; factorial; governing; hubs; insula; interface; internal,accompany alzheimer; addressed sparse; age-matched individuals; altered brain; analysis accompany; analysis suggest; associated loss; auditory location,Pitch Perception; Spatial Processing
26923411,2016,Neurobiology of aging,Neurobiol Aging,2.352,Q1,2016,98,72,92,14,91,8,78,3,52,0.1111111111111111,0.8478260869565217,0.2142857142857142,0.5714285714285714,assistant; enroll; icf; icfs; learn; partner; stated; willingness,amyloid eligible; amyloid status; assistant found; barrier recruitment; biomarker disclosure; biomarker enrollment; blinded enrollment; cognition hypothetical,Amyloidogenic Proteins; Disclosure; Patient Participation
26923405,2016,Neurobiology of aging,Neurobiol Aging,2.352,Q1,2016,127,90,117,20,190,9,97,3,114,0.1,0.8290598290598291,0.15,0.6,acetyltransferase; anomalies; app-ctf; blocks; chat; ctf; deleting; partially,abnormalities although; abnormalities cholinergic; acetyltransferase chat; ad-related pathological; additional potential; age-related endosome; allele blocked; alter peptide,"Choline O-Acetyltransferase; Mice, Inbred C3H; Septal Nuclei"
26923404,2016,Neurobiology of aging,Neurobiol Aging,2.352,Q1,2016,120,88,108,15,105,13,89,1,37,0.1477272727272727,0.8240740740740741,0.0666666666666666,0.3523809523809524,abca7; array; beadchip; hits; illumina; map-wise; ms4a6a; non-apoe,abca7 ms4a6a; abca7 peripheral; abca7 rs3764650; array data; array illumina; associated cortical; associations cortical; associations top,ATP-Binding Cassette Transporters
26923399,2016,Neurobiology of aging,Neurobiol Aging,2.352,Q1,2016,101,83,100,19,171,8,83,6,118,0.0963855421686747,0.83,0.3157894736842105,0.6900584795321637,acetoacetate; beta-hydroxybutyrate; epilepsy; ketone; ketones; opportune; rescued; suppression,ability symptomatic; accumulation rescued; acetoacetate reported; activity epilepsy; administration ketones; amyloid burden; amyloid entry; amyloid pathologic,"3-Hydroxybutyric Acid; Acetoacetates; Depression, Chemical; Ketone Bodies; NADH Dehydrogenase"
26920688,2016,Advances in protein chemistry and structural biology,Adv Protein Chem Struct Biol,1.172,Q2,2016,164,110,150,8,28,14,131,2,17,0.1272727272727272,0.8733333333333333,0.25,0.6071428571428571,aggravate; channelopathies; convergent; disabilities; dysfunctioning; eliciting; huntington; ndds,aberrant ion; age-related disorders; aggravate disease; altered function; associated factors; behind ndds; behind neurological; caused due,Ion Channels; Nervous System Diseases
26900568,2016,NeuroImage. Clinical,Neuroimage Clin,1.845,Q1,2016,151,108,136,11,55,8,115,1,21,0.074074074074074,0.8455882352941176,0.0909090909090909,0.3818181818181818,correlating; elastography; mre; non-monotonic; pipeline; stiffness; task-free; topography,accordance known; across alzheimer; additional analysis; altered functional; amyloid pet; apply recently; areas correlates; associated altered,Elasticity Imaging Techniques
26892326,2016,Psychosomatics,Psychosomatics,0.617,Q2,2016,93,67,89,16,120,7,66,1,41,0.1044776119402985,0.7415730337078652,0.0625,0.3416666666666667,addendum; f18; fbp-pet; florbetapir; opted; prerandomization; solanezumab,addendum analyzed; aid dementia; amyloid neuroimaging; analyzed baseline; antemortem even; antemortem patients; autopsy diagnosis; baseline clinical,Ethylene Glycols
26884824,2015,International journal of clinical and experimental pathology,Int J Clin Exp Pathol,0.393,Q3,2015,139,77,112,25,300,24,95,4,172,0.3116883116883117,0.8482142857142857,0.16,0.5733333333333334,aca; allelotype; ata; desorption-ionization; haplotype; hunan; kallikrein; kallikrein-kinin,aca tca; ace groups; ace rs4291; allelotype distributions; among distribution; amplification matrix-assisted; analysis confirmed; ata aca,Heterozygote; Homozygote; Kallikreins; Kininogens
26878581,2015,Biochemistry. Biokhimiia,Biochemistry (Mosc),0.666,Q2,2015,101,85,100,7,21,12,90,2,11,0.1411764705882353,0.9,0.2857142857142857,0.5238095238095238,bases; becomes; broadened; concurrently; elaborated; impedes; light; neurotransmitters,action endogenous; agents considered; analyze issues; bases pathogenesis; basic mechanisms; becomes clear; beginning interaction; believed play,Prions; Protein Conformation
26870826,2016,EBioMedicine,EBioMedicine,2.847,Q1,2016,148,80,118,18,153,12,95,5,83,0.15,0.8050847457627118,0.2777777777777778,0.5424836601307189,assayed; aucs; diphosphate; hplc; ideal; invariant; merits; monophosphate,age predict; areas roc; assayed receiver; aucs sensitivities; best combination; blood tdp; blood thiamine; brain blood,Metabolome; Metabolomics; Thiamine; Thiamine Monophosphate; Thiamine Pyrophosphate
26870803,2015,EBioMedicine,EBioMedicine,2.847,Q1,2015,122,84,112,22,231,15,99,7,184,0.1785714285714285,0.8839285714285714,0.3181818181818182,0.7965367965367965,arsenite; coli; escherichia; granules; phagocytic; phagocytose; phosphotyrosine; removal,ability microglial; activated phenotype; active within; activity dysfunctional; activity restored; aged microglial; amyloid-beta plaques; approaches restore,"Cytoplasmic Granules; Genes, Reporter; Intracellular Signaling Peptides and Proteins; Phosphotyrosine; Protein-Tyrosine Kinases"
26857505,2016,Journal of neuroimmunology,J Neuroimmunol,1.068,Q2,2016,153,72,131,22,231,9,114,8,177,0.125,0.8702290076335878,0.3636363636363636,0.7662337662337663,cox; cox-2; etoricoxib; histopathology; inducible; pge2; prostaglandin; recovery,activation cox-2; activation plays; administration different; administration etoricoxib; appears results; associated neuroinflammation; brain participate; cad administration,Colchicine; Cyclooxygenase 2; Cyclooxygenase 2 Inhibitors; Dinoprostone; Encephalitis
26857415,2016,Psychiatry research. Neuroimaging,Psychiatry Res Neuroimaging,1.193,Q1,2016,129,59,96,18,153,9,67,1,59,0.1525423728813559,0.6979166666666666,0.0555555555555555,0.3856209150326797,f-fdg; f-fluorodeoxyglucose; i-imp; i-iodoamphetamine; imp; mci-ad; mci-dlb; stereotactic,accuracy fdg; analysis occipital; available regarding; bodies comparison; comparison f-fdg; database stereotactic; diagnosis dlb; diagnosis fdg,Iofetamine
26852841,2016,Journal of pharmaceutical sciences,J Pharm Sci,1.035,Q1,2016,129,91,118,22,231,32,110,12,206,0.3516483516483517,0.9322033898305084,0.5454545454545454,0.8917748917748918,absorption; analyzer; anorexia; birefringent; diarrhea; donepezil-free; donezepil; gastric,absorption donepezil-free; according amount; acid water; administration alzheimer; administration donepezil; administration increases; administration mucoadhesive-controlled; amount water,"Adhesiveness; Chemistry, Pharmaceutical; Drug Carriers; Drug Liberation; Glycerides"
26844268,2015,EBioMedicine,EBioMedicine,2.847,Q1,2015,151,101,138,25,300,16,115,7,229,0.1584158415841584,0.8333333333333334,0.28,0.7633333333333333,chronologically; coincident; cytosolic-phospholipase-a2; demyelinating; fuel; hydrogen; initiating; ketogenic,acid metabolism; acids mitochondrial; activation female; activation links; adaptive response; address brain; age development; age remains,Energy Metabolism; Group IV Phospholipases A2; Hydrogen Peroxide; Ketone Bodies; Metabolic Networks and Pathways
26843991,2016,Neural plasticity,Neural Plast,1.466,Q1,2016,131,85,115,14,91,11,81,1,25,0.1294117647058823,0.7043478260869566,0.0714285714285714,0.2747252747252747,angular; converting; default-mode; fcs; gradual; lobules; mci-converters; mci-nonconverters,abnormal resting-state; among groups; analyses assess; angular gyrus; assess functional; baseline twenty-one; bilateral inferior; changes median,Nerve Net
26841152,2015,Central European journal of public health,Cent Eur J Public Health,0.301,Q3,2015,195,136,181,4,6,8,141,0,0,0.0588235294117647,0.7790055248618785,0.0,0.0,alternatively; assesment; interchangeably; petersen; pointing; refers; sufficiently; visuoconstructional,abilities term; adopted petersen; aforementioned proteins; age expectations; age prevent; age related; aging alternatively; alternatively term,
26827657,2016,Neurobiology of aging,Neurobiol Aging,2.352,Q1,2016,120,86,111,14,91,24,95,1,31,0.2790697674418604,0.8558558558558559,0.0714285714285714,0.3406593406593406,atrophic; atrophied; broadly; demographically; erc; lprc; manually; mprc,advanced rather; atrophic changes; atrophied group; atrophied patient; atrophy early; atrophy precedes; atrophy studies; atrophy whereas,Parahippocampal Gyrus
26827653,2016,Neurobiology of aging,Neurobiol Aging,2.352,Q1,2016,103,78,96,14,91,15,79,5,64,0.1923076923076923,0.8229166666666666,0.3571428571428571,0.7032967032967034,acylcarnitine; branched-chain; disease-like; imbalances; longitudinally; metabolome; metabolomes; metabolomic,acids branched-chain; acids neurotransmitter; acylcarnitine homeostasis; affects greatly; affects metabolome; age groups; although appears; alzheimer disease-like,"Amino Acids, Branched-Chain; Amino Acids, Essential; Biogenic Polyamines; Carnitine; Metabolome"
26827652,2016,Neurobiology of aging,Neurobiol Aging,2.352,Q1,2016,123,91,113,21,210,16,93,11,176,0.1758241758241758,0.8230088495575221,0.5238095238095238,0.8380952380952381,abcb1; adra1a; cacna1c; cdh23; consistency; endophenotype; gene-gene; grin2b,abcb1 implicate; abcb1 psap; across data; addition extend; additional variance; adra1a addition; analyses implicated; analysis observed,"ATP Binding Cassette Transporter, Subfamily B; Cadherin Related Proteins; Cadherins; Calcium Channels, L-Type; Datasets as Topic"
26827648,2016,Neurobiology of aging,Neurobiol Aging,2.352,Q1,2016,127,81,116,19,171,4,102,0,41,0.0493827160493827,0.8793103448275862,0.0,0.239766081871345,investigates; obscuring; topographies; topography,abnormal pib; accumulation associated; accumulation local; added information; additional information; additionally elements; adults normal; amyloid topographies,
26827642,2016,Neurobiology of aging,Neurobiol Aging,2.352,Q1,2016,125,89,119,17,136,10,97,3,67,0.1123595505617977,0.8151260504201681,0.1764705882352941,0.4926470588235294,age-corrected; clinico-biological; insula; morphometric; ptau181; signature; spreading; supramarginal,across early; adjusting p-tau; age-corrected ykl-40; along clinico-biological; altered along; anatomic areas; areas csf; assessed total,Chitinase-3-Like Protein 1; Gray Matter; Neuroglia
26827641,2016,Neurobiology of aging,Neurobiol Aging,2.352,Q1,2016,155,106,135,17,136,30,107,2,62,0.2830188679245283,0.7925925925925926,0.1176470588235294,0.4558823529411764,adenine; best-characterized; cbp; chromatin; cross; defense; defenses; diminished,adenine dinucleotide; adenosine monophosphate-response; administration caused; alleviated learning; ameliorate oxidative; antioxidant defense; antioxidant defenses; associated ser133-phosphorylated,Benzofurans; NF-E2-Related Factor 2
26827640,2016,Neurobiology of aging,Neurobiol Aging,2.352,Q1,2016,108,67,90,14,91,7,66,1,31,0.1044776119402985,0.7333333333333333,0.0714285714285714,0.3406593406593406,deteriorated; freesurfer; insula; pipeline; posteriorly; steeper; vertexwise,anterior parts; brain pronounced; bvftd controls; bvftd steeper; changes lobar; cognitive performances; comparison patients; controls bvftd,Gray Matter
26823029,2015,Journal of Nippon Medical School = Nippon Ika Daigaku zasshi,J Nippon Med Sch,0.278,Q3,2015,156,101,140,18,153,21,127,3,71,0.2079207920792079,0.9071428571428573,0.1666666666666666,0.4640522875816993,anti; anti-phosphorylated; autopsies; corticobasal; definite; grain; immunostain; immunostained,age mean; anti repeat; anti-phosphorylated tau; antibodies rd4; antibody immunostain; astrocytes midbrain; autopsies confirmed; autopsy cases,"Mesencephalon; Supranuclear Palsy, Progressive; alpha-Synuclein"
29374986,2018,Clinical nursing research,Clin Nurs Res,0.475,Q2,2018,81,60,76,11,55,7,65,1,16,0.1166666666666666,0.8552631578947368,0.0909090909090909,0.2909090909090909,contentment; conversations; drawbacks; lifelong; lifestyles; pride; threatened,able reason; activity research; analyzed qualitative; cause gaining; constructed contributing; content analysis; contentment pride; contributing important,Self-Help Groups
28671332,2017,Journal of clinical laboratory analysis,J Clin Lab Anal,0.509,Q2,2017,139,91,127,16,120,13,104,3,62,0.1428571428571428,0.8188976377952756,0.1875,0.5166666666666667,betaine; cycling; hcy; hyperhomocysteine; il-l; malnutrition; memory-related; mna-sf,accumulation levels; activity inhibited; adas-cog significant; adas-cog suggested; aimed analyze; ameliorate memory; analyze relationship; assay western,Betaine; Hyperhomocysteinemia; Malnutrition
28670650,2016,Medical image computing and computer-assisted intervention : MICCAI ... International Conference on Medical Image Computing and Computer-Assisted Intervention,Med Image Comput Comput Assist Interv,,,2016,114,92,109,18,153,13,93,3,63,0.1413043478260869,0.8532110091743119,0.1666666666666666,0.4117647058823529,characterizing; contrasting; convex; diverging; hindered; mcp; neuroanatomy; normative,accelerated type; aims characterize; alleviate shortcoming; among controls; among normal; analyses hindered; applying imaging; approach simultaneously,"Confounding Factors, Epidemiologic; Control Groups; Datasets as Topic"
28664199,2016,Medical image computing and computer-assisted intervention : MICCAI ... International Conference on Medical Image Computing and Computer-Assisted Intervention,Med Image Comput Comput Assist Interv,,,2016,95,74,91,13,78,14,78,0,14,0.1891891891891892,0.8571428571428571,0.0,0.1794871794871795,bandlimited; captures; compact; curse; descriptors; diffeomorphisms; dimensionality; geodesic,analysis anatomical; analysis bandlimited; analysis ppga; anatomical shape; anatomical variability; approaches tangent; bandlimited low-dimensional; based high-dimensional,
28644588,2016,Irish medical journal,Ir Med J,,,2016,103,78,98,7,21,10,82,0,4,0.1282051282051282,0.8367346938775511,0.0,0.1904761904761904,accepted; accredited; cohorts1; ensure; irish; lumbar; phospho; puncture,accepted lumbar; accredited made; amyloid total; analysis dementia; analysis support; application cerebrospinal; appropriate biomarker; available clinically,
28580458,2016,Medical image computing and computer-assisted intervention : MICCAI ... International Conference on Medical Image Computing and Computer-Assisted Intervention,Med Image Comput Comput Assist Interv,,,2016,109,80,104,12,66,8,78,0,9,0.1,0.75,0.0,0.1363636363636363,densely; integrate; introduce; kernel-learning; kernels; lasso; redundant; sparsely,according modalities; accuracy discovered; across modalities; based alzheimer; based method; based methods; clearly improved; combine different,
28558900,2017,Asian journal of psychiatry,Asian J Psychiatr,0.619,Q2,2017,106,77,102,12,66,6,76,1,19,0.0779220779220779,0.7450980392156863,0.0833333333333333,0.2878787878787879,clathrin; clu; picalm; rs3851179; rs429358; rs7412,additional snps; adjusting age; apoe associated; apoe clusterin; apoe rs7412; assembly protein; associated adjusting; association apolipoprotein,Monomeric Clathrin Assembly Proteins
28553788,2018,Journal of aging and health,J Aging Health,1.054,Q1,2018,116,72,96,14,91,10,89,0,25,0.1388888888888889,0.9270833333333334,0.0,0.2747252747252747,fair; mechanism-driven; mechanistically; parsed; perfect; quadratic-weighted; subsamples; test-retest,activity associated; activity data; activity includes; activity modifiable; activity questionnaire; age social; aging preserved; agreement correlation,
28553786,2017,Journal of aging and health,J Aging Health,1.054,Q1,2017,96,63,86,12,66,7,73,3,33,0.1111111111111111,0.8488372093023255,0.25,0.5,aware; lagged; middle-aged; pervasive; sub; summative; worries,across groups; adult children; affect psychological; affect well-being; ages sub; among middle-aged; among persons; associated lower,Health Surveys; New England; Personal Satisfaction
28530001,2016,Medical image computing and computer-assisted intervention : MICCAI ... International Conference on Medical Image Computing and Computer-Assisted Intervention,Med Image Comput Comput Assist Interv,,,2016,111,84,103,10,45,7,86,0,22,0.0833333333333333,0.8349514563106796,0.0,0.4888888888888889,brain-wide; bw-gwa; explicitly; low-rank; root-mean-square; sequences; topics,achieved performance; among phenotypes; association bw-gwa; associations advances; associations studies; associations work; average terms; basis phenotypic,
28499566,2017,Archives of psychiatric nursing,Arch Psychiatr Nurs,0.553,Q2,2017,120,70,101,11,55,9,85,0,9,0.1285714285714285,0.8415841584158416,0.0,0.1636363636363636,chi-square; convenience; exact; exposes; fisher; pretest; robinson; spiritual,analyzed chi-square; care caregiver; care exposes; care reduce; care strain; caregiver high; caregiver strain; caregivers elderly,
28480351,2016,"African journal of traditional, complementary, and alternative medicines : AJTCAM",Afr J Tradit Complement Altern Med,,,2016,139,82,122,14,91,16,105,1,27,0.1951219512195122,0.860655737704918,0.0714285714285714,0.2967032967032967,administering; amorphophallus; anesthetized; apparatus; campanulatus; cat; concludes; deals,ache brain; ache histopathological; action induced; administering streptozotocin; alteration behavior; alzheimer diseased; amorphophallus campanulatus; anesthetized rats,Amorphophallus
28479898,2016,African health sciences,Afr Health Sci,0.444,Q2,2016,211,108,166,16,120,20,138,3,68,0.1851851851851851,0.8313253012048193,0.1875,0.5666666666666667,aerobic; badly; bodily; destructive; drawbacks; exercises; factor-alpha; fects,abilities activities; addition increase; adl physical; aerobic exercise; aerobic exercises; alzheimer elderly; alzheimer forty; assessment tumor,Mental Health; Tumor Necrosis Factor-alpha; Walking
28413002,2017,Stem cell research,Stem Cell Res,0.772,Q2,2017,74,53,59,14,91,15,55,9,83,0.2830188679245283,0.9322033898305084,0.6428571428571429,0.912087912087912,immunofluorescent; ipsc; karyotype; kmos; layers; mononuclear; pbmcs; pluripotency,blood collected; blood mononuclear; cell ipsc; cells pbmcs; cellular model; characterization human; clinically diagnosed; collected clinically,Cell Differentiation; Cellular Reprogramming; Genetic Vectors; Germ Layers; Induced Pluripotent Stem Cells
28386606,2016,Medical image computing and computer-assisted intervention : MICCAI ... International Conference on Medical Image Computing and Computer-Assisted Intervention,Med Image Comput Comput Assist Interv,,,2016,147,91,126,12,66,16,110,1,15,0.1758241758241758,0.873015873015873,0.0833333333333333,0.2272727272727272,computer-assisted; exclusively; graph-based; gtl; guarantee; incorporate; pgtl; propagate,accuracy address; accuracy robustness; achieve pgtl; achieved mri; approaches first; based similarities; brain disorder; build reliable,Machine Learning
28382615,2016,Acta neurologica Taiwanica,Acta Neurol Taiwan,0.144,Q4,2016,165,123,152,5,10,31,134,1,4,0.2520325203252032,0.881578947368421,0.2,0.4,amyloidopathy; ataxic; atrophy-cerebellar; autonomic; axial; bun; cross; documented,abilities screening; abstract thinking; additional neurotoxicity; amyloidopathy classified; amyloidopathy tauopathy; ataxic gait; atrophy hot; atrophy otherwise,Multiple System Atrophy
28382610,2016,Acta neurologica Taiwanica,Acta Neurol Taiwan,0.144,Q4,2016,148,117,135,6,15,33,120,1,8,0.282051282051282,0.8888888888888888,0.1666666666666666,0.5333333333333333,acetaldehyde; acrolein; activators; adductions; alcohol; alda-1; aldas; aldehyde,acetaldehyde readily; acids lipid; acrolein acetaldehyde; activators aldas; activity aldehyde; adductions proteins; alcohol food; alda-1 reduces,"Aldehyde Dehydrogenase, Mitochondrial"
28380707,2018,Journal of applied gerontology : the official journal of the Southern Gerontological Society,J Appl Gerontol,0.885,Q1,2018,112,86,106,11,55,24,105,5,40,0.2790697674418604,0.9905660377358492,0.4545454545454545,0.7272727272727273,articulated; cadre; ccc; confident; creating; evidence-based; experiential; fidelity,achieved master; addressing serious; adherence competence; article provides; articulated model; assessments practitioners; cadre practitioners; caregiver program,"Education, Nonprofessional; Evidence-Based Practice; Program Development; Self Efficacy; Teacher Training"
28341066,2017,Alzheimer's & dementia : the journal of the Alzheimer's Association,Alzheimers Dement,5.45,Q1,2017,106,65,96,8,28,6,82,1,7,0.0923076923076923,0.8541666666666666,0.125,0.25,insufficient; outperform; post-biomarker; prebiomarker; sub; workup,add-on clinical; ambiguous csf; amyloid sub; application cerebrospinal; article presents; assessment development; available evidence; based available,MEDLINE
28341065,2017,Alzheimer's & dementia : the journal of the Alzheimer's Association,Alzheimers Dement,5.45,Q1,2017,91,61,85,7,21,5,76,1,6,0.081967213114754,0.8941176470588236,0.1428571428571428,0.2857142857142857,insufficient; outperform; recommendation; sub; supplement,ambiguous csf; amyloid sub; application cerebrospinal; article presents; assessment development; atypical cases; available evidence; based available,"Databases, Bibliographic"
28341039,2017,Neurologia i neurochirurgia polska,Neurol Neurochir Pol,0.37,Q3,2017,141,73,113,12,66,4,74,0,16,0.0547945205479452,0.6548672566371682,0.0,0.2424242424242424,assignment; bndf; correspond; kit,adjustment confounding; advanced age; age education; age low; alterations brain-derived; analyzed elisa; assessed separately; assignment found,
28340952,2017,Neurobiology of aging,Neurobiol Aging,2.352,Q1,2017,56,35,49,18,153,8,29,5,118,0.2285714285714285,0.5918367346938775,0.2777777777777778,0.7712418300653595,coq2; dj1; hapa9; hspa9; mitochondria-related; mortalin; parkin; pink1,assessed genetic; association mortalin; association risk; coq2 risk; direct sequencing; diseases investigated; dj1 coq2; evidence role,Alkyl and Aryl Transferases; HSP70 Heat-Shock Proteins; Mitochondrial Proteins; PTEN-Induced Putative Kinase; Protein Deglycase DJ-1
28293044,2016,"Colombia medica (Cali, Colombia)",Colomb Med (Cali),0.343,Q3,2016,76,70,74,7,21,5,54,1,10,0.0714285714285714,0.7297297297297297,0.1428571428571428,0.4761904761904761,adult-onset; companies; mab; neuropathogenesis; prototypes,adult-onset characterized; amyloid-beta immunotherapy; antibodies mab; approaches modify; article will; aspects neuropathogenesis; brain slow; classical pharmacologic,"Antibodies, Monoclonal"
28292186,2017,ACS chemical neuroscience,ACS Chem Neurosci,1.305,Q1,2017,127,80,109,20,190,10,96,2,77,0.125,0.8807339449541285,0.1,0.4052631578947368,attracted; epitope; fancy; maybe; pe3-15; pe3-42; pe3-x; pyroglutamate-3,abundant patients; active immunotherapy; addition sub; aggregation addition; amyloid generates; amyloid immunotherapy; antibodies targeting; antibody response,Alzheimer Vaccines; Amyloidogenic Proteins
28286884,2016,Medical image computing and computer-assisted intervention : MICCAI ... International Conference on Medical Image Computing and Computer-Assisted Intervention,Med Image Comput Comput Assist Interv,,,2016,107,75,99,10,45,13,82,0,6,0.1733333333333333,0.8282828282828283,0.0,0.1333333333333333,feature-selection; hampered; hyper-parameters; implicitly; imputes; introduce; low-rank; lrmc,according importance; account differences; although lrmc; always hampered; based lrmc; better account; called stability; completion incomplete,
28271040,2017,NeuroImage. Clinical,Neuroimage Clin,1.845,Q1,2017,90,76,88,8,28,13,82,2,13,0.1710526315789473,0.9318181818181818,0.25,0.4642857142857143,appreciable; collectives; consistency; cross; impressive; mitigation; optimistic; pipeline,account appreciable; achieved novel; apparent performance; appreciable fraction; associated pipeline; bias classification; bias plausibly; bias reduction,Bias; Selection Bias
28269840,2016,AMIA ... Annual Symposium proceedings. AMIA Symposium,AMIA Annu Symp Proc,0.365,-,2016,87,69,81,5,10,18,80,2,7,0.2608695652173913,0.9876543209876544,0.4,0.7,ad-hoc; bespoke; collating; collation; emif; format; formats; frameworks,ad-hoc systems; alzheimer cohort; application will; approaches harmonizing; area focus; base constructing; bespoke ad-hoc; broad scope,"Datasets as Topic; Vocabulary, Controlled"
28269715,2016,Annual International Conference of the IEEE Engineering in Medicine and Biology Society. IEEE Engineering in Medicine and Biology Society. Annual International Conference,Annu Int Conf IEEE Eng Med Biol Soc,,,2016,119,81,108,10,45,14,90,2,22,0.1728395061728395,0.8333333333333334,0.2,0.4888888888888889,big; disen; disen-based; dispersion; emotion; fuzen; fuzzy; noticeably,ability disen; activity help; affecting memory; aim paper; analysis resting-state; based approaches; based methods; behaviour emotion,Entropy; Fuzzy Logic
28269639,2016,Annual International Conference of the IEEE Engineering in Medicine and Biology Society. IEEE Engineering in Medicine and Biology Society. Annual International Conference,Annu Int Conf IEEE Eng Med Biol Soc,,,2016,107,71,94,8,28,3,69,0,3,0.0422535211267605,0.7340425531914894,0.0,0.1071428571428571,courses; non-rcd; rcd,accuracy ratings; adding neuropsychological; based leave-one-out; baseline examination; classified rapid; classified rcd; classifier accuracy; classifiers qeeg,
28269603,2016,Annual International Conference of the IEEE Engineering in Medicine and Biology Society. IEEE Engineering in Medicine and Biology Society. Annual International Conference,Annu Int Conf IEEE Eng Med Biol Soc,,,2016,70,45,62,6,15,7,48,0,2,0.1555555555555555,0.7741935483870968,0.0,0.1333333333333333,bag-of-visual-words; favors; multi-level; partitions; secondly; sift; thirdly,accuracy brain; apply method; bag-of-visual-words model; based multi-level; basic visual; brain partitions; brain template; classification brain,
28269515,2016,Annual International Conference of the IEEE Engineering in Medicine and Biology Society. IEEE Engineering in Medicine and Biology Society. Annual International Conference,Annu Int Conf IEEE Eng Med Biol Soc,,,2016,123,93,117,13,78,13,91,1,18,0.1397849462365591,0.7777777777777778,0.0769230769230769,0.2307692307692307,centrality; continuity; fcn; graphs; insula; nodal; notable; npi-q,alzheimer neuropsychological; alzheimer psychological; assessment test; brain fcn; brain functionality; calculated graphs; cdr score; centrality left,Nerve Net
28269166,2016,Annual International Conference of the IEEE Engineering in Medicine and Biology Society. IEEE Engineering in Medicine and Biology Society. Annual International Conference,Annu Int Conf IEEE Eng Med Biol Soc,,,2016,117,78,104,12,66,8,79,1,14,0.1025641025641025,0.7596153846153846,0.0833333333333333,0.2121212121212121,advantageous; emci; fcm; fusiform; lmci; rfg; rprecu; topology,abnormal brain; accordingly fcm; activity functional; advantageous investigate; affected functional; analysis provides; associated visual; brain function,"Memory, Episodic"
28269165,2016,Annual International Conference of the IEEE Engineering in Medicine and Biology Society. IEEE Engineering in Medicine and Biology Society. Annual International Conference,Annu Int Conf IEEE Eng Med Biol Soc,,,2016,119,84,108,7,21,7,85,0,6,0.0833333333333333,0.7870370370370371,0.0,0.2857142857142857,diffeomorphic; loadings; purposed; student; subiculum; subregions; t-tests,according leave-one-out; accuracy lda; accuracy yielded; achieved svm; aging student; analysis examined; analysis findings; analysis shape,
28268906,2016,Annual International Conference of the IEEE Engineering in Medicine and Biology Society. IEEE Engineering in Medicine and Biology Society. Annual International Conference,Annu Int Conf IEEE Eng Med Biol Soc,,,2016,97,68,88,9,36,17,80,1,11,0.25,0.9090909090909092,0.1111111111111111,0.3055555555555556,balancing; binarisation; binarised; closed; cluster-span; cst; distinguishing; fixing,activity find; analyse standard; another recently; balancing ratio; band electroencephalogram; based fixing; beta activity; beta band,Nerve Net
28268902,2016,Annual International Conference of the IEEE Engineering in Medicine and Biology Society. IEEE Engineering in Medicine and Biology Society. Annual International Conference,Annu Int Conf IEEE Eng Med Biol Soc,,,2016,103,74,97,13,78,14,82,1,21,0.1891891891891892,0.845360824742268,0.0769230769230769,0.2692307692307692,binary; cloc; cluster-span; coherency; convey; disregarding; graphs; imaginary,alone skewness; although significant; analyses static; based imaginary; binary graph; binary threshold; binary unweighted; calculate local,Nerve Net
28268812,2016,Annual International Conference of the IEEE Engineering in Medicine and Biology Society. IEEE Engineering in Medicine and Biology Society. Annual International Conference,Annu Int Conf IEEE Eng Med Biol Soc,,,2016,145,105,133,19,171,13,105,3,88,0.1238095238095238,0.7894736842105263,0.1578947368421052,0.5146198830409356,a1micro; a2macro; aat; blood-based; covariate; handheld; low-cost; optimum,a1micro a2macro; a2macro aat; aat apoe; able discriminate; accuracy needed; accurate biomarkers; addition biomarkers; age covariate,"Computer Systems; Databases, Protein; Point-of-Care Systems"
28268787,2016,Annual International Conference of the IEEE Engineering in Medicine and Biology Society. IEEE Engineering in Medicine and Biology Society. Annual International Conference,Annu Int Conf IEEE Eng Med Biol Soc,,,2016,115,72,105,9,36,12,92,0,3,0.1666666666666666,0.8761904761904762,0.0,0.0833333333333333,ad1; ad2; anova; awake; bandwidth; das; decisive; electrode-bandwidth,abundant alpha; according percentage; ad1 ras; ad2 found; alpha content; alpha ras; alpha rhythm; alpha scenario,
28268491,2016,Annual International Conference of the IEEE Engineering in Medicine and Biology Society. IEEE Engineering in Medicine and Biology Society. Annual International Conference,Annu Int Conf IEEE Eng Med Biol Soc,,,2016,115,89,109,5,10,9,79,0,2,0.1011235955056179,0.7247706422018348,0.0,0.2,access; amplitude; amplitudes; eeg-based; eega; lempel-ziv; lzc; outperformed,access appropriate; amplitude biomarker; amplitudes eega; approach discriminating; approach quantify; approach sensitivity; appropriate services; available onset,
28268430,2016,Annual International Conference of the IEEE Engineering in Medicine and Biology Society. IEEE Engineering in Medicine and Biology Society. Annual International Conference,Annu Int Conf IEEE Eng Med Biol Soc,,,2016,72,56,68,9,36,3,45,0,0,0.0535714285714285,0.6617647058823529,0.0,0.0,decrements; increments; noteworthy,abnormalities connectivity; activity analyses; analysis magnetoencephalography; analyze resting-state; band decrements; bands delta; bands revealed; beta gamma,
28248558,2017,Journal of geriatric psychiatry and neurology,J Geriatr Psychiatry Neurol,0.949,Q2,2017,150,92,127,18,153,7,92,2,69,0.0760869565217391,0.7244094488188977,0.1111111111111111,0.4509803921568627,attenuating; b-induced; cognitive-related; hyper-homocysteinemia; rcts; supplement; translate,achieved significantly; acid along; acid cognitive; along vitamin; among groups; analyzed mini-mental; attenuating cognitive; b-induced improvement,Vitamin B 6; Vitamin B Complex
28229638,2016,Physiology international,Physiol Int,0.262,Q4,2016,107,66,99,12,66,10,79,3,31,0.1515151515151515,0.797979797979798,0.25,0.4696969696969697,brain-blood; cross; intranasal; nmol; non-invasive; pro-cognitive; recovery; saturable,ability cross; agent potential; amyloid-beta model; bbb saturable; bbb spatial; brain produce; brain-blood barrier; bypass system,"Administration, Intranasal; Insulin; Spatial Memory"
28202849,2016,Journal of nutritional science and vitaminology,J Nutr Sci Vitaminol (Tokyo),0.43,Q3,2016,135,81,112,13,78,6,84,2,27,0.074074074074074,0.75,0.1538461538461538,0.3461538461538461,december; lymphocyte; mmse-j; shizuoka; spearman; swinscow,additional longitudinal; age mean; association mmse-j; association peripheral; associations relatively; based criteria; changes peripheral; clinical importance,Ascorbic Acid; Body Mass Index
28199869,2017,European psychiatry : the journal of the Association of European Psychiatrists,Eur Psychiatry,1.595,Q1,2017,130,67,107,13,78,9,93,3,43,0.1343283582089552,0.8691588785046729,0.2307692307692307,0.5512820512820513,cox; deaths; infection; intentional; nationwide; registers; self-harm; sub-groups,antipsychotic dosage; antipsychotic dosages; antipsychotic drug; antipsychotic exposure; antipsychotic specific; antipsychotic treatment; associations less; benefit treatment,Neoplasms; Self-Injurious Behavior; Time
28173111,2016,Human molecular genetics,Hum Mol Genet,3.097,Q1,2016,191,107,161,17,136,24,134,3,65,0.2242990654205607,0.8322981366459627,0.1764705882352941,0.4779411764705882,biogenesis; cypd; drp1; dynamin-related; expressions; fis1; fission; immunostaining,abnormalities involved; activity tau; analyses measured; based therapeutics; biochemical immunoblotting; biogenesis nrf1; biogenesis synaptic; created double,Dynamins; Mitochondrial Dynamics; Proteolysis
28170178,2017,Stem cells translational medicine,Stem Cells Transl Med,2.145,Q1,2017,107,81,97,18,153,14,77,5,95,0.1728395061728395,0.7938144329896907,0.2777777777777778,0.6209150326797386,depositions; embryonic; ipscs; mitigated; neurotransmitters; nontumorigenic; oligodendrocyte-related; patient-specific,approach stem; attenuates functional; brain attenuates; brains injected; cell replacement; cells ameliorate; cells decreased; cells ipscs,Cell Differentiation; Induced Pluripotent Stem Cells; Oligodendroglia; Stem Cell Transplantation; Transferrin
28159219,2017,Journal of trace elements in medicine and biology : organ of the Society for Minerals and Trace Elements (GMS),J Trace Elem Med Biol,0.793,Q2,2017,119,81,106,10,45,12,89,0,7,0.1481481481481481,0.839622641509434,0.0,0.1555555555555555,aluminium-induced; aluminium-selective; cornerstones; donors; dry; encephalopathy; essentially; predispositions,aetiology know; aluminium aluminium; aluminium brain; aluminium except; aluminium extremely; aluminium familial; aluminium lobes; aluminium role,
28157684,2016,Journal of cell science,J Cell Sci,2.549,Q1,2016,144,102,132,17,136,24,111,3,77,0.2352941176470588,0.8409090909090909,0.1764705882352941,0.5661764705882353,axis; bcl2l11; bim; cdk5-foxo3; cdk5-mediated; depleting; deregulated; ensuing,aberrant processing; activate several; active foxo3; axis initially; bcl2l11 fasl; beta peptide; bim known; brain lysates,Bcl-2-Like Protein 11; Forkhead Box Protein O3; Superoxide Dismutase 2
28154452,2017,Clinical gerontologist,Clin Gerontol,0.562,Q2,2017,148,102,137,18,153,13,118,1,70,0.1274509803921568,0.8613138686131386,0.0555555555555555,0.457516339869281,bedside; bench; dearth; decisional; deemed; encouraged; execute; incapable,additional measures; addressing capacity; advance assessing; age education; assessing addressing; assessing research; assessment among; assessments population,Comprehension
28149966,2016,Medical image computing and computer-assisted intervention : MICCAI ... International Conference on Medical Image Computing and Computer-Assisted Intervention,Med Image Comput Comput Assist Interv,,,2016,87,65,79,9,36,8,61,0,8,0.123076923076923,0.7721518987341772,0.0,0.2222222222222222,associate; employ; interconnected; low-rank; singular; smallest; subspace; track,account interconnected; among cognitive; analyze imaging; assessment neurodegenerative; associate cognitive; clearly improved; common subspace; data among,
28149965,2016,Medical image computing and computer-assisted intervention : MICCAI ... International Conference on Medical Image Computing and Computer-Assisted Intervention,Med Image Comput Comput Assist Interv,,,2016,90,74,88,11,55,9,69,0,14,0.1216216216216216,0.7840909090909091,0.0,0.2545454545454545,employ; interrelated; interrelation; interrelations; low-rank; norm; schatten; subspace,adopted schatten; along progression; among different; associations imaging; cohort demonstrated; crucial multiple; data longitudinal; demonstrated promising,
30282137,2017,Journal of National Black Nurses' Association : JNBNA,J Natl Black Nurses Assoc,,,2017,85,65,71,6,15,15,64,0,3,0.2307692307692307,0.9014084507042254,0.0,0.2,arduous; assistance; discipline; faith; god; in-depth; journey; lacked,adrd home; african-american informal; approach purposive; arduous journey; assessment teaching; assistance task; awareness resources; care informal,
29989989,2019,IEEE/ACM transactions on computational biology and bioinformatics,IEEE/ACM Trans Comput Biol Bioinform,0.651,Q2,2019,145,100,130,13,78,7,99,1,20,0.07,0.7615384615384615,0.0769230769230769,0.2564102564102564,autoencoder; computerized; era; excavates; multimedia; opens; r-fmri,accuracy achieved; achieved proposed; advantages classifying; aging mild; autoencoder network; based r-fmri; based resting-state; best case,Deep Learning
29870641,2017,Ideggyogyaszati szemle,Ideggyogy Sz,0.123,Q4,2017,143,90,130,11,55,12,105,4,39,0.1333333333333333,0.8076923076923077,0.3636363636363636,0.7090909090909091,cut-off; fulfils; hungarian; non-specialists; one-point; projected; rho; self-administered,achieved members; aim validate; along sensitivity; applied case; applied screening; average mmse; average score; care settings,Memory and Learning Tests; Mental Status and Dementia Tests; Primary Health Care; Translating
29868439,2017,NeuroImage. Clinical,Neuroimage Clin,1.845,Q1,2017,114,75,98,21,210,7,82,1,67,0.0933333333333333,0.8367346938775511,0.0476190476190476,0.319047619047619,amyloid-positive; disparity; habs; harvard; hypointensities; non-hispanic; signature,accelerate rate; adults amyloid-positive; affects nearly; age non-hispanic; age white; aging brain; americans decreased; americans elevated,Correlation of Data
29735156,2018,Biological psychiatry. Cognitive neuroscience and neuroimaging,Biol Psychiatry Cogn Neurosci Neuroimaging,2.245,Q1,2018,191,104,155,13,78,13,123,0,10,0.125,0.7935483870967742,0.0,0.1282051282051282,diminished; dmn; interconnectivity; mirrors; mtms; pdmn; pdmn-mtms; portend,abnormalities progression; across groups; ad-related connectivity; altered default; altered early; anterior ventral; assessed interconnectivity; assessment investigate,
29602022,2018,Computerized medical imaging and graphics : the official journal of the Computerized Medical Imaging Society,Comput Med Imaging Graph,0.805,Q1,2018,106,78,97,13,78,3,74,1,22,0.0384615384615384,0.7628865979381443,0.0769230769230769,0.282051282051282,categorizing; lasso; mt-sgl,ability identify; across tasks; adni along; adni alzheimer; along ability; associated categorizing; associated generalized; baseline models,Multitasking Behavior
29566836,2018,Value in health : the journal of the International Society for Pharmacoeconomics and Outcomes Research,Value Health,1.836,Q1,2018,156,82,133,14,91,6,97,1,31,0.073170731707317,0.7293233082706767,0.0714285714285714,0.3406593406593406,anova; biggest; followed-up; geras; monthly; societal,across severity; anova comparison; applying unit; associated french; associated significantly; biggest contributor; care greatest; care total,Health Resources
29560901,2017,Biological psychiatry. Cognitive neuroscience and neuroimaging,Biol Psychiatry Cogn Neurosci Neuroimaging,2.245,Q1,2017,179,102,142,14,91,16,120,2,43,0.1568627450980392,0.8450704225352113,0.1428571428571428,0.4725274725274725,bcl3; calculating; clu; correction-hippocampal; familywise; haplotype; level-dependent; load-rps,absence effect; age rps; almost significant; apoe haplotype; approach measures; association load-rps; associations risk; based apoe,Late Onset Disorders; Multifactorial Inheritance
29558759,2017,Neuroimmunomodulation,Neuroimmunomodulation,0.53,Q3,2017,163,80,126,13,78,11,105,1,32,0.1375,0.8333333333333334,0.0769230769230769,0.4102564102564102,antipsychological; confer; endothelin; et-1; immune-related; necrosis; nonpsychotic; pro,additionally cytokines; aim clinical; anti-inflammatory cytokines; antipsychological effectiveness; antipsychotic drugs; association antipsychotic; association quetiapine; b12 association,Iran
29527504,2018,NeuroImage. Clinical,Neuroimage Clin,1.845,Q1,2018,221,145,201,17,136,22,151,2,52,0.1517241379310344,0.7512437810945274,0.1176470588235294,0.3823529411764705,angle; auc; elastography; history-taking; inversion; mmre; mmre-images; modulus,accuracy diagnostic; already pre-dementia; analyses hippocampal; analyzed combination; angle complex; auc comparison; auc conclusion; auc hippocampal,Elasticity; Viscosity
29527502,2018,NeuroImage. Clinical,Neuroimage Clin,1.845,Q1,2018,146,102,140,15,105,22,129,0,14,0.2156862745098039,0.9214285714285714,0.0,0.1333333333333333,adni2; ashs; ex-vivo; freesurfer; in-vivo; large-diffeomorphic-metric-mapping; model-based; outperformed,account deciding; adni2 population; adni2 subfield-specific; adni2 subjects; advantage methods; amyloid positivity; analyses calculate; analysis freesurfer,
29527500,2018,NeuroImage. Clinical,Neuroimage Clin,1.845,Q1,2018,156,78,120,22,231,3,93,1,74,0.0384615384615384,0.775,0.0454545454545454,0.3203463203463203,cross-sectionally; desegregation; youth,across brain; across subjects; adults ages; adults divided; adults highest; adults well; ages compared; ages patients,Correlation of Data
29527482,2018,NeuroImage. Clinical,Neuroimage Clin,1.845,Q1,2018,139,102,129,19,171,13,109,1,72,0.1274509803921568,0.8449612403100775,0.0526315789473684,0.4210526315789473,adad; asl; asl-cbf; autosomal; hypo-metabolism; hypo-perfusion; non-invasively; pcasl,across subjects; adad age; adad small; analyses biomarker; arterial spin; asl cbf; asl mri; asl pcasl,Spin Labels
29484985,2017,Current pharmaceutical biotechnology,Curr Pharm Biotechnol,0.42,Q2,2017,143,96,130,17,136,28,121,5,98,0.2916666666666667,0.9307692307692308,0.2941176470588235,0.7205882352941176,a-i; annp; apoa-i; avoid; beings; bend; cytoplasm; cytotoxicity,a-i apoa-i; addition annp; additionally particles; annp sirna; apoa-i considerably; apoa-i nl4; apoa-i onto; apolipoprotein a-i,"Drug Carriers; Gene Knockdown Techniques; Mice, Nude; Molecular Targeted Therapy; RNA, Small Interfering"
29467067,2017,The Consultant pharmacist : the journal of the American Society of Consultant Pharmacists,Consult Pharm,0.237,Q3,2017,85,67,79,11,55,15,69,4,42,0.2238805970149253,0.8734177215189873,0.3636363636363636,0.7636363636363637,axona; caprylidene; coconut; coined; ensure; fight; fuel; fuels,affected support; alternative energy; alternative fuel; alternative fuels; alternative pathologic; axona coconut; barrier provide; behind modalities,"Coconut Oil; Energy Metabolism; Food, Formulated; Triglycerides"
29460787,2018,Clinical nutrition ESPEN,Clin Nutr ESPEN,0.387,Q3,2018,170,102,143,18,153,10,131,7,113,0.0980392156862745,0.916083916083916,0.3888888888888889,0.738562091503268,cronbach; dietitians; eating; february; motivation; overestimation; plate; underestimation,acceptable range; accuracy visual; actual measurement; adequate training; agreement measurement; agreement methods; aimed evaluate; analysis level,"Diet Records; Eating; Food Service, Hospital; Malnutrition; Meals"
29458929,2018,Complementary therapies in medicine,Complement Ther Med,0.653,Q1,2018,95,59,75,10,45,7,63,1,17,0.1186440677966101,0.84,0.1,0.3777777777777777,dsst; inactive; mvpa; nhanes; substitution; symbol; unadjusted,activity associated; activity cognitive; activity guidelines; adjustments results; adult population; adults ages; adults least; adults risk,Nutrition Surveys
29441941,2017,Die Pharmazie,Pharmazie,,,2017,51,35,39,8,28,5,26,1,11,0.1428571428571428,0.6666666666666666,0.125,0.3928571428571428,abca7; atp; cassette; rs3764650; subfamily,abca7 rs3764650; analysis race; association abca7; associations found; atp binding; binding cassette; cassette subfamily; caucasians conclusion,ATP-Binding Cassette Transporters
29435372,2017,Neural plasticity,Neural Plast,1.466,Q1,2017,102,76,98,10,45,10,83,0,5,0.131578947368421,0.8469387755102041,0.0,0.1111111111111111,activity-dependent; advancing; convergence; evidences; exceptions; gradual; intense; paths,account amyloidosis; accumulation finally; accumulation next; activation resting; activity always; activity including; activity plaques; activity strong,
29429523,2018,Tissue & cell,Tissue Cell,0.503,Q2,2018,125,97,116,15,105,8,88,2,38,0.0824742268041237,0.7586206896551724,0.1333333333333333,0.3619047619047619,allicin; blocking; country; garlic; huge; suppressing; therapeutical; views,age alzheimer; allicin ameliorates; allicin improves; allicin main; allicin neurons; allicin provide; allicin treatment; ameliorates cognitive,Disulfides; Sulfinic Acids
29414391,2018,Annals of diagnostic pathology,Ann Diagn Pathol,0.633,Q2,2018,106,69,90,8,28,12,73,3,19,0.1739130434782608,0.8111111111111111,0.375,0.6785714285714286,anti-apoptotic; bcl2; co-localized; exportin-5; importin; metabolically; mrna; pathologist,active cells; aid surgical; aids anatomic; analyses qrtpcr; anatomic pathologists; anti-apoptotic proteins; apoptotic anti-apoptotic; bcl2 family,Karyopherins; Pathologists; beta Karyopherins
29413893,2018,International review of cell and molecular biology,Int Rev Cell Mol Biol,2.411,Q1,2018,116,91,108,5,10,12,88,1,4,0.1318681318681318,0.8148148148148148,0.2,0.4,advancing; autophagic; autophagy; connect; dictate; fate; impacting; intricate,activity uniquely; advancing age; aggregation although; aging intricate; although role; amyloidogenic pathway; assessing dynamic; associated will,Autophagy
29413525,2018,"Advances in pharmacology (San Diego, Calif.)",Adv Pharmacol,,,2018,121,98,116,8,28,12,96,2,14,0.1224489795918367,0.8275862068965517,0.25,0.5,assumes; fyn; illuminated; in-depth; mediating; mglur5; o-induced; oligomeric,accelerated inflammation; assumes multiple; believed mediate; beta oligomers; cascade involving; cause symptoms; central molecular; clear accumulation,"Prion Proteins; Receptor, Metabotropic Glutamate 5"
29413486,2018,The Journal of nutritional biochemistry,J Nutr Biochem,1.428,Q1,2018,157,102,144,20,190,13,115,6,134,0.1274509803921568,0.7986111111111112,0.3,0.7052631578947368,attenuating; beside; evoo; extra-virgin; hereafter; nonamyloidogenic; noncholinergic; oleocanthal,addition recently; additional mechanisms; amyloid load; approach enhancing; approved stages; attenuate related; attenuating amyloid; attenuating load,ATP Binding Cassette Transporter 1; Acetylcholine; Cyclopentane Monoterpenes; Olive Oil; PPAR gamma
29412849,2018,The Psychiatric clinics of North America,Psychiatr Clin North Am,0.827,Q2,2018,56,46,52,7,21,2,33,0,4,0.0434782608695652,0.6346153846153846,0.0,0.1904761904761904,prism; reserve,account discrepancy; article provides; associated delay; biomarkers clinical; brain pathologic; cognitive reserve; concept cognitive; current evidence,
29407464,2018,Neurobiology of aging,Neurobiol Aging,2.352,Q1,2018,191,105,171,12,66,20,152,0,21,0.1904761904761904,0.8888888888888888,0.0,0.3181818181818182,auroc; diseased; electromagnetic; eloreta; exact; eyes-closed; freeware; interhemispheric,abnormal posterior; abnormalities functional; abnormalities resting-state; abnormally higher; accuracies discrimination; accuracy nold; add considered; add dlb,
29406991,2018,Medical hypotheses,Med Hypotheses,0.432,Q3,2018,189,140,178,22,231,36,166,9,201,0.2571428571428571,0.9325842696629212,0.4090909090909091,0.8701298701298701,abelson; apps; autocrine; autophosphorylation; cascades; cones; configuration; culminates,abelson kinase; acetylcholine receptors; activate enzymes; activation c-jun; activation glycogen; allow autophosphorylation; alpha nicotinic; app cytoplasmic,"Antigens, CD; Cadherins; Calcium-Binding Proteins; Cell Adhesion Molecules, Neuronal; Cerebral Ventricles"
29406924,2018,Journal of the neurological sciences,J Neurol Sci,0.99,Q2,2018,158,86,133,16,120,13,101,1,52,0.1511627906976744,0.7593984962406015,0.0625,0.4333333333333333,debated; examinations; fazekas; fluid-attenuated; inversion; pdd; pdnd; recovery,according fazekas; ad-related pathology; age-matched outpatients; angiopathy examine; assessed mta; assessment medial; atherosclerotic cerebrovascular; atrophy among,"Supranuclear Palsy, Progressive"
29395285,2018,Neurobiology of aging,Neurobiol Aging,2.352,Q1,2018,112,74,99,21,210,9,78,5,129,0.1216216216216216,0.7878787878787878,0.238095238095238,0.6142857142857143,enriched; flexibility; mixed; noncarriers; parental; pld3; story; v232m,adults aged; alzheimer prevention; analysis resulted; associated significantly; asymptomatic adults; baseline enriched; battery performed; calculated linear,Exodeoxyribonucleases; Heterozygote; Membrane Glycoproteins; Phospholipase D; Wisconsin
29393258,2017,Dementia and geriatric cognitive disorders,Dement Geriatr Cogn Disord,1.225,Q1,2017,109,71,95,14,91,5,53,2,32,0.0704225352112676,0.5578947368421052,0.1428571428571428,0.3516483516483517,endocan; kit; moca; montreal; proangiogenic,age older; amci control; analysis area; assay kit; assessment moca; associated cutoff; associated pathogenesis; controls serum,Neoplasm Proteins; Proteoglycans
29393172,2017,Dementia and geriatric cognitive disorders,Dement Geriatr Cogn Disord,1.225,Q1,2017,117,72,98,16,120,9,71,2,46,0.125,0.7244897959183674,0.125,0.3833333333333333,demonstrates; difficulty; falling; falls; interdisciplinary; objects; real-world; saccular,administered assess; analyses mci; appears mediated; associated saccular; association appears; behaviors rely; bilateral saccular; clinic saccular,Saccule and Utricle; Vestibular Function Tests
29390538,2017,Medicine,Medicine (Baltimore),0.784,Q2,2017,144,95,125,15,105,12,94,2,35,0.1263157894736842,0.752,0.1333333333333333,0.3333333333333333,academic; beijing; chictr-inr-16009505; committee; conferences; disseminated; effectives; evidence-based,academic journals; adults currently; aim research; along conventional; application china; approval findings; approved ethics; assess effectives,Clinical Protocols; Combined Modality Therapy
29390504,2017,Medicine,Medicine (Baltimore),0.784,Q2,2017,168,108,145,6,15,18,124,2,10,0.1666666666666666,0.8551724137931035,0.3333333333333333,0.6666666666666666,anesthesiologists; crd42017073790; entails; google; inconsistent; moose; nested; newcastle-ottawa,ability think; according meta-analysis; according preferred; across studies; alterations patient; analyses will; anesthesia alzheimer; anesthesia dementia,"Anesthesia, General; Systematic Reviews as Topic"
29389553,2018,Journal of food and drug analysis,J Food Drug Anal,1.16,Q1,2018,132,104,127,15,105,30,100,3,71,0.2884615384615384,0.7874015748031497,0.2,0.6761904761904762,acetate; agg; antidementia; ascertain; diphenyl-1-picrylhydrazyl; dpc-12; embryo; embryos,acetate n-butanol; active fractions; activity extracts; activity found; activity subjected; agg sub; aggregated amyloid; among n-butanol,"Nelumbo; Protein Aggregates; Protein Aggregation, Pathological"
29376667,2017,Neuropsychology,Neuropsychology,1.394,Q1,2017,121,99,117,9,36,21,105,3,22,0.2121212121212121,0.8974358974358975,0.3333333333333333,0.6111111111111112,amplify; bpa; captured; catalyze; conceptualization; digital; discoveries; elucidates,advancements technology; advances will; alter means; amplify role; approach bpa; article elucidates; assessed going; assessment lessons,"History, 20th Century; History, 21st Century; Technology"
29363901,2017,Folia neuropathologica,Folia Neuropathol,0.401,Q3,2017,90,69,83,3,3,3,70,1,2,0.0434782608695652,0.8433734939759037,0.3333333333333333,0.6666666666666666,arrest; perceptions; post-resuscitation,aged population; area concern; arrest attention; arrest cardiac; arrest deficits; arrest remain; arrest usually; attention depression,Heart Arrest
29359159,2017,BioMed research international,Biomed Res Int,0.795,Q2,2017,148,103,137,12,66,22,116,2,39,0.2135922330097087,0.8467153284671532,0.1666666666666666,0.5909090909090909,addtion; bioinformatic; cdk13; coexpression; ctsd; degs; downloaded; dysregulated,according kegg; addtion small; aimed find; analysis dysregulated; analyzed functional; analyzed microarray; bioinformatic analysis; biological pathways,Computational Biology; Transcriptome
29358553,2017,Journal of biosciences,J Biosci,0.611,Q1,2017,164,99,146,25,300,24,128,6,183,0.2424242424242424,0.8767123287671232,0.24,0.61,aberrantly; ameyloid; anti-apoptotic; anti-mir-200a-3p; anti-mir-nc; b-amyloid-induced; cleaved-caspase-3; cleavedcaspase,aberrantly expressed; activity decreased; addition downregulation; ameyloid induced; anti-apoptotic protein; anti-mir-200a-3p attenuated; anti-mir-200a-3p group; anti-mir-200a-3p hand,"Antagomirs; Base Sequence; Binding Sites; Cell Differentiation; RNA, Small Interfering"
29358552,2017,Journal of biosciences,J Biosci,0.611,Q1,2017,83,64,77,7,21,10,66,2,13,0.15625,0.8571428571428571,0.2857142857142857,0.6190476190476191,comfir; diseased; introduce; organisms; ppi; ppis; protein-protein; query,accuracy introduced; activity living; applied large; approach showed; area research; based query; better performance; called comfir,"Computational Biology; Databases, Protein"
29358550,2017,Journal of biosciences,J Biosci,0.611,Q1,2017,123,87,110,25,300,10,83,6,189,0.1149425287356321,0.7545454545454545,0.24,0.63,abpp-ps1; amalaki; ameliorating; ayurvedic; gabac2; glnc4; gluc4; labelings,abpp-ps1 mice; abpp-ps1 mouse; acids suggesting; acids tissue; activity abpp-ps1; amalaki rasayana; ameliorating memory; analysis cerebral,"Carbon Isotopes; Glucose; Glutamic Acid; Glutamine; Medicine, Ayurvedic"
29358118,2018,Neurobiology of aging,Neurobiol Aging,2.352,Q1,2018,94,68,88,18,153,7,69,3,101,0.1029411764705882,0.7840909090909091,0.1666666666666666,0.6601307189542484,influences; large-scale; pgrs; polygenic; precuneal; preselected; underpinnings,associated smaller; association polygenic; based previous; brain fully; brain influence; cognitive measure; cohorts cohorts; cohorts elevated,Datasets as Topic; Healthy Volunteers; Multifactorial Inheritance
29358117,2018,Neurobiology of aging,Neurobiol Aging,2.352,Q1,2018,100,57,89,17,136,4,76,2,51,0.0701754385964912,0.8539325842696629,0.1176470588235294,0.375,extrahippocampal; participants-amnestic; preferred; real-space,adaptation hippocampal; adults underwent; allocentric navigation; allocentric strategy; amci dementia; amci due; amci hippocampal; amci preferred,Basal Forebrain; Spatial Navigation
29353102,2018,Neurobiology of aging,Neurobiol Aging,2.352,Q1,2018,117,88,112,13,78,12,91,1,23,0.1363636363636363,0.8125,0.0769230769230769,0.2948717948717949,agm; agms; biochemically; cortex-dependent; macaque; monkey; monkeys; reminiscent,african green; aged agms; aged rhesus; aging african; agm cerebrospinal; agm represent; agm rhesus; agms age-related,Chlorocebus aethiops
29353101,2018,Neurobiology of aging,Neurobiol Aging,2.352,Q1,2018,127,82,115,13,78,4,83,1,37,0.048780487804878,0.7217391304347827,0.0769230769230769,0.4743589743589743,halting; hyperintensity; progressing; progressors,absence significant; accumulation greater; aimed halting; amyloid measures; amyloid positive; atrophy preclinical; baseline negative; baseline status,Prodromal Symptoms
29351484,2018,American journal of physiology. Endocrinology and metabolism,Am J Physiol Endocrinol Metab,1.819,Q1,2018,161,107,148,11,55,23,129,3,28,0.2149532710280373,0.8716216216216216,0.2727272727272727,0.509090909090909,abundances; binary; c20; esters; glycine; held-out; maleimide; metabolome,abundances glucose; abundances glycine; accuracy greater; accuracy held-out; accuracy test; accurate complex; accurately discriminated; acids c20,Blood Chemical Analysis; Metabolome; Metabolomics
29351469,2018,American journal of physiology. Heart and circulatory physiology,Am J Physiol Heart Circ Physiol,1.673,Q1,2018,171,102,143,20,190,16,125,6,145,0.1568627450980392,0.8741258741258742,0.3,0.7631578947368421,abrogates; attenuation; blood-derived; happ; j20; junction; ldlr; metalloproteinase-9,abrogates bbb; activity critical; activity together; aging treated; attenuation preserves; available treatment; barrier breakdown; barrier integrity,Matrix Metalloproteinase 9; Mechanistic Target of Rapamycin Complex 1; Protein Kinase Inhibitors; Sirolimus; Tight Junction Proteins
29349076,2017,BioMed research international,Biomed Res Int,0.795,Q2,2017,105,70,88,10,45,5,66,1,26,0.0714285714285714,0.75,0.1,0.5777777777777777,aggression; cnki; ht2a; infrastructure; t102c,aberrant motor; aggression depression; agitation aggression; alleles genotypes; apathy ht2a; assess associations; associated hallucinations; associated psychosis,"Receptor, Serotonin, 5-HT2A"
29345580,2017,Current topics in medicinal chemistry,Curr Top Med Chem,0.878,Q1,2017,161,103,150,6,15,12,133,2,10,0.116504854368932,0.8866666666666667,0.3333333333333333,0.6666666666666666,advancement; emerges; multi-potency; multi-potent; multi-targeted; poly-phenolic; prime; property,advancement drug; algorithm developments; attempted identify; briefly discussed; briefly prime; cascade central; cascade currently; cascade search,Biological Products; Polyphenols
29338921,2018,Neurobiology of aging,Neurobiol Aging,2.352,Q1,2018,105,80,97,19,171,10,70,3,82,0.125,0.7216494845360825,0.1578947368421052,0.47953216374269,autosomal; heritability; hypercholesterolemia; opposed; racemase; remaining; rs391300; serine,ad-associated single-nucleotide; analyzed ad-associated; apoe4 hypothesized; apolipoprotein apoe4; around half; associated type; autosomal dominant; built survival,Heterozygote; Racemases and Epimerases; Serine Racemase
29332586,2017,Current topics in medicinal chemistry,Curr Top Med Chem,0.878,Q1,2017,98,80,94,9,36,9,79,2,17,0.1125,0.8404255319148937,0.2222222222222222,0.4722222222222222,benzene; blockade; calcium; hpyran; multi-target-directed; multipotent; notwithstanding; pyranotacrines,account will; agents last; aggregation capacity; amyloid inhibition; analogues designed; analogues show; analogues targeting; approach possible,Cholinesterases; Protein Aggregates
32888656,2020,Revista Colombiana de psiquiatria,Rev Colomb Psiquiatr (Engl Ed),,,2020,128,64,99,12,66,8,80,2,26,0.125,0.8080808080808081,0.1666666666666666,0.3939393939393939,aetiologies; aggression; bogot; centre; colombia; dsm-5; lability; referral,according dsm-5; aetiologies occur; aetiology neurocognitive; age minor; aggression emotional; aggression occur; among group; analyses reveal,Colombia; Neurocognitive Disorders
31639691,2019,The journal of applied laboratory medicine,J Appl Lab Med,,-,2019,149,96,139,16,120,21,123,6,91,0.21875,0.8848920863309353,0.375,0.7583333333333333,c-reactive; crp; cytokine-secreting; enzyme-linked-immuno-spot; fas; fas-faslg; faslg; il6,age higher; apoptosis interrelated; apoptotic low-grade; apoptotic markers; assay serum; basal conditions; blood mononuclear; brain insulin,"C-Reactive Protein; Correlation of Data; Enzyme-Linked Immunospot Assay; Fas Ligand Protein; Leukocytes, Mononuclear"
31370033,2018,Advances in mind-body medicine,Adv Mind Body Med,0.292,Q2,2018,207,117,166,12,66,17,129,3,38,0.1452991452991453,0.7771084337349398,0.25,0.5757575757575758,armonk; asanas; bangalore; ibm; institution; job; meditation; mind-body,activities blood; adults alzheimer; affect mental; age range; alzheimer care; among professional; analyzed appropriate; anxiety depression,Meditation; Sleep; Yoga
31189515,2019,Biochimica et biophysica acta. Molecular basis of disease,Biochim Biophys Acta Mol Basis Dis,1.843,Q1,2019,66,52,64,18,153,4,61,4,86,0.0769230769230769,0.953125,0.2222222222222222,0.5620915032679739,ckb; energetic; enolase; glyceraldehyde,among showed; bind residues; bind specific; bind tau; binding due; binding three; brain extracts; capacity human,"Binding Sites; Creatine Kinase, BB Form; Phosphopyruvate Hydratase; Sequence Alignment"
31179446,2018,Medical image computing and computer-assisted intervention : MICCAI ... International Conference on Medical Image Computing and Computer-Assisted Intervention,Med Image Comput Comput Assist Interv,,,2018,71,56,64,11,55,2,46,1,14,0.0357142857142857,0.71875,0.0909090909090909,0.2545454545454545,gathered; globe,across globe; adni propose; affects millions; age prevalence; around world; brain scans; caregivers across; combining genetic,Machine Learning
31167728,2019,Biochimica et biophysica acta. Molecular basis of disease,Biochim Biophys Acta Mol Basis Dis,1.843,Q1,2019,140,101,130,10,45,6,99,0,15,0.0594059405940594,0.7615384615384615,0.0,0.3333333333333333,bases; locus; oligomeric; pcad; phosphoproteins; phosphoproteomics,affects millions; agents lead; altered brain; altered phosphoproteins; attention known; author believed; bases remain; believed known,
31106304,2018,Medical image computing and computer-assisted intervention : MICCAI ... International Conference on Medical Image Computing and Computer-Assisted Intervention,Med Image Comput Comput Assist Interv,,,2018,120,93,115,12,66,20,94,2,24,0.2150537634408602,0.8173913043478261,0.1666666666666666,0.3636363636363636,alternations; analysis-derived; bfns; cnn; cnns; conveniently; convolutional; deeply,ability computer; accessible dataset; accurate emci; alternations brain; although alternations; analysis applications; analysis-derived bfns; applications still,Deep Learning; Machine Learning
30957108,2018,Medical image computing and computer-assisted intervention : MICCAI ... International Conference on Medical Image Computing and Computer-Assisted Intervention,Med Image Comput Comput Assist Interv,,,2018,139,99,130,9,36,18,115,0,5,0.1818181818181818,0.8846153846153846,0.0,0.1388888888888889,centralized; coarse; connectome; correspondences; distribute; embedding; freesurfer; hcp,adni demonstrate; anatomical misalignments; apply recently; around paper; atlas cortex; atlas detecting; atlas distributed; atlas outperforms,
30936769,2018,Dialogues in clinical neuroscience,Dialogues Clin Neurosci,2.131,Q1,2018,111,95,109,8,28,12,88,0,6,0.1263157894736842,0.8073394495412844,0.0,0.2142857142857142,afford; ahead; at-risk; exemplified; longitudinally; metabolomics; middle-aged; mining,afford neuroprotection; ahead cognitive; allow small; along improved; already preclinical; at-risk populations; available therapeutics; benefits diagnosed,
30847359,2019,Annals of clinical and translational neurology,Ann Clin Transl Neurol,2.502,Q1,2019,126,88,115,13,78,12,96,0,4,0.1363636363636363,0.8347826086956521,0.0,0.0512820512820512,auc; creutzfeldt-jakob; cut-off; definite; intermediate-high; lumbar; mixed; predicts,accuracy distinction; adjusting covariates; analysis ratio; antemortem csf; assessed pathology; auc cut-off; auc especially; better correlation,
30815203,2018,AMIA ... Annual Symposium proceedings. AMIA Symposium,AMIA Annu Symp Proc,0.365,-,2018,80,57,69,8,28,12,61,0,9,0.2105263157894736,0.8840579710144928,0.0,0.3214285714285714,activations; benchmark; checks; complementarity; conducts; convo-lutional; convolutional; d-cnns,activations constrained; activations spatial; analysis hierarchical; analysis show; approach conducts; approach difficulty; approaches based; approaches generating,
30814473,2018,Neuro-degenerative diseases,Neurodegener Dis,1.075,Q2,2018,203,155,199,14,91,21,169,0,8,0.1354838709677419,0.8492462311557789,0.0,0.0879120879120879,av45; binary; continuously; corrected; covariance; covariate; depositions; flor-betapir,according nia-aa; add mci-ad; add mild; add subjects; age nuisance; along continuum; analysis covariance; analysis shows,
30807987,2019,Phytomedicine : international journal of phytotherapy and phytopharmacology,Phytomedicine,1.024,Q1,2019,191,117,161,19,171,23,130,4,94,0.1965811965811965,0.8074534161490683,0.2105263157894736,0.5497076023391813,acetyl; ach; alternation; antifatigue; blotting; chat; crenulata; expressions,abilities rats; acetyl transferase; acetylcholine ach; ach level; activation rce; activity decreased; activity respectively; addition rce,"Acetylcholine; Malondialdehyde; Plants, Medicinal; Rhodiola"
30797990,2019,Stem cell research,Stem Cell Res,0.772,Q2,2019,32,24,28,9,36,8,23,4,28,0.3333333333333333,0.8214285714285714,0.4444444444444444,0.7777777777777778,integration-free; ipsc; ipsc-adm01; karyotype; non-integrative; pluripotency; reprogramming; sysui001-a,disease non-integrative; generated year-old; generation integration-free; human ipsc; integration-free ipsc; ipsc line; ipsc-adm01 sysui001-a; line ipsc-adm01,Cellular Reprogramming; Cellular Reprogramming Techniques; Induced Pluripotent Stem Cells; Karyotype
30786665,2018,Folia neuropathologica,Folia Neuropathol,0.401,Q3,2018,126,86,118,7,21,12,102,1,9,0.1395348837209302,0.864406779661017,0.1428571428571428,0.4285714285714285,adnc; cbd; co-pathology; cortico-cortical; corticobasal; cte; encephalopathy; mater,adnc form; among disorders; analysis disorders; association cortico-cortical; boundary cluster; cbd chronic; cbd cte; change adnc,Neuropathology
30786664,2018,Folia neuropathologica,Folia Neuropathol,0.401,Q3,2018,112,83,107,7,21,18,93,1,9,0.216867469879518,0.8691588785046729,0.1428571428571428,0.4285714285714285,actually; agd; amygdaloid; argyrophilic; avoid; ballooned; coiled; definite,actually second; actually specific; agd avoid; agd made; agd often; agd patients; agd sporadic; agd uncommon,Oligodendroglia
30734031,2018,Medical image computing and computer-assisted intervention : MICCAI ... International Conference on Medical Image Computing and Computer-Assisted Intervention,Med Image Comput Comput Assist Interv,,,2018,120,94,114,10,45,15,100,0,5,0.1595744680851064,0.8771929824561403,0.0,0.1111111111111111,blurring; boundaries; calculation; consistency; explicitly; finite; heat; in-vivo,accounts presence; accuracy thickness; across scanners; aging well; anisotropic heat; anisotropic laplace; anisotropic term; associated normal,
30712752,2019,Complementary therapies in clinical practice,Complement Ther Clin Pract,0.548,Q1,2019,106,73,99,12,66,14,82,1,19,0.1917808219178082,0.8282828282828283,0.0833333333333333,0.2878787878787879,acceptance; aggravating; aging-related; anxio-depressive; mat; mbi; mindfulness; mindfulness-based,acceptance single-blind; acceptance theory; adults amci; aggravating prognosis; aging-related quality; amci alzheimer; amci contribution; amci symptoms,Mindfulness
30711677,2019,Neurobiology of aging,Neurobiol Aging,2.352,Q1,2019,110,72,100,13,78,6,83,1,17,0.0833333333333333,0.83,0.0769230769230769,0.2179487179487179,disproportionally; hippocampal-prefrontal; hippocampus-prefrontal; interest-based; synchronized; vary,accelerated trajectory; accompanied greater; activities whereas; analyses region; analyses resting-state; associated different; associations load; beta-amyloid related,Sex Characteristics
30708185,2019,Neurobiology of aging,Neurobiol Aging,2.352,Q1,2019,142,110,136,18,153,19,113,5,103,0.1727272727272727,0.8308823529411765,0.2777777777777778,0.673202614379085,amylacea; bulb; bulbs; corpora; cytoskeletal; fibrillary; glomerular; gradual,abundance corpora; acid protein; alterations correlate; amylacea characterized; amylacea declines; analysis notch; analysis olfactory; appears prodromal,"Cell Adhesion Molecules, Neuronal; Extracellular Matrix Proteins; Jagged-1 Protein; Olfactory Bulb; Serine Endopeptidases"
30707667,2018,National health statistics reports,Natl Health Stat Report,5.463,Q1,2018,173,103,154,15,105,22,142,3,56,0.2135922330097087,0.922077922077922,0.2,0.5333333333333333,administrative; admitted; calendar; capabilities; deaths; demonstrates; encounter; encounters,across hospital; across settings; administrative claims; admitted directly; admitted inpatients; allows analyses; allows differentiation; allows identification,"Emergency Service, Hospital; Hospital Mortality; Utilization Review"
30704369,2018,International journal of qualitative studies on health and well-being,Int J Qual Stud Health Well-being,0.477,Q2,2018,89,70,84,19,171,11,77,3,84,0.1571428571428571,0.9166666666666666,0.1578947368421052,0.4912280701754385,actor; clashes; depth; first-in-line; internal; loneliness; marriages; partners,actor parent; alzheimer never; analysis design; analysis swedish; analytical tools; approach discourse; caregivers considerable; caregivers express,Comprehension; Health; Loneliness
30693065,2018,Oxidative medicine and cellular longevity,Oxid Med Cell Longev,1.388,Q1,2018,131,91,120,11,55,17,104,3,41,0.1868131868131868,0.8666666666666667,0.2727272727272727,0.7454545454545455,absorption; aspalathin; butin; capensinidin; cross; energies; epicatechin; europinidin,absorption parameters; absorption rates; adequate pharmacological; alzheimer docking; alzheimer osiris; alzheimer understood; analyzed flavonoids; applied flavonoids,Flavonoids; Molecular Docking Simulation; Protein Conformation
30682676,2019,Neurobiology of aging,Neurobiol Aging,2.352,Q1,2019,110,87,103,16,120,14,93,4,64,0.160919540229885,0.9029126213592232,0.25,0.5333333333333333,ad-protective; conferred; google; high-glycemic; mediterranean; mediterranean-style; nonpharmacological; peer-reviewed,ad-protective dietary; adherence mediterranean; adherence reduced; age lacks; articles investigating; assessed double-blind; association mediterranean-style; authors fifteen,"Databases, Bibliographic; Diet, High-Fat; Diet, Mediterranean; Dietary Carbohydrates"
30676992,2018,The journal of mental health policy and economics,J Ment Health Policy Econ,0.462,Q2,2018,262,160,235,17,136,35,213,6,88,0.21875,0.9063829787234042,0.3529411764705882,0.6470588235294118,appreciate; assistance; assumptions; belated; born; budgets; carlo; compiled,activities earlier; addition determine; additional costs; alzheimer population; amount euro; appreciate trade-off; approach czechia; arises fact,"Czechoslovakia; Early Medical Intervention; Home Care Services; Models, Economic; Monte Carlo Method"
30673663,2018,Neuro-degenerative diseases,Neurodegener Dis,1.075,Q2,2018,122,77,110,14,91,16,83,0,6,0.2077922077922078,0.7545454545454545,0.0,0.0659340659340659,ad-signature; ca2; ca4; corrected; depended; fdr; freesurfer; moca,ad-signature cortical; apoe nondemented; assessment moca; association brain; association neuropsychological; associations depended; associations modified; atrophy hippocampal,
30672441,2018,"Cellular and molecular biology (Noisy-le-Grand, France)",Cell Mol Biol (Noisy-le-grand),0.373,Q3,2018,231,119,183,11,55,21,148,0,22,0.1764705882352941,0.8087431693989071,0.0,0.4,admm; alzheimic; anti-alzheimic; apoptosis-related; ca2; cleft; continuously; dawley,abnormal synaptic; active zones; admm group; aged weeks; alzheimic rats; amyloid induced; anti-alzheimic effects; apoptosis hippocampal,
30668379,2019,Phytomedicine : international journal of phytotherapy and phytopharmacology,Phytomedicine,1.024,Q1,2019,136,88,121,9,36,20,102,2,20,0.2272727272727272,0.8429752066115702,0.2222222222222222,0.5555555555555556,admet; alternatives; batch; cdocker; ena739155; evo; filtered; fischer,activity filtered; activity fit; admet analysis; aimed find; alternatives current; analysis fischer; analysis subjected; based cdocker,Flavonoids; Molecular Docking Simulation
30668354,2019,Phytomedicine : international journal of phytotherapy and phytopharmacology,Phytomedicine,1.024,Q1,2019,174,113,150,18,153,19,132,2,65,0.168141592920354,0.88,0.1111111111111111,0.4248366013071895,abts; alternation; antibacterial; antifungal; articulata; cytotoxic; demonstrates; dpph,abts tests; acetylcholinesterase activity; ache inhibitory; action rat; activity investigated; activity oxidant-antioxidant; activity promoting; administered inhalation,Cupressaceae; Spatial Memory
30668321,2019,Phytomedicine : international journal of phytotherapy and phytopharmacology,Phytomedicine,1.024,Q1,2019,164,117,151,19,171,23,125,3,75,0.1965811965811965,0.8278145695364238,0.1578947368421052,0.4385964912280701,adam10; aiton; analysing; app-processing; app-transgenic; atlantica; bark; circadian,ad-related pathology; adam10 bace1; aiton subsp; alter levels; amyloidosis mouse; amyloidosis study; analysing amyloid; anti-oxidative neuroprotective,Enzymes; Flavonoids; Spatial Memory
30661596,2019,Analytica chimica acta,Anal Chim Acta,1.467,Q1,2019,171,110,154,13,78,19,138,4,54,0.1727272727272727,0.8961038961038961,0.3076923076923077,0.6923076923076923,chicken; cil; dichloromethane; envisage; high-coverage; high-performance; homogenization; in-depth,accurate metabolite; amine phenol; amine phenol-containing; analyses study; analysis tissue; analytical method; analytical performance; application areas,Chickens; Isotope Labeling; Metabolomics; Muscles
30660039,2019,Neurobiology of aging,Neurobiol Aging,2.352,Q1,2019,90,59,76,13,78,4,64,0,18,0.0677966101694915,0.8421052631578947,0.0,0.2307692307692307,methylated; notably; variably; vmps,affect disease; affects neuropathology; aging project; amyloid neurofibrillary; associated amyloid; capture different; clustered regions; collected religious,
30656196,2019,Annals of clinical and translational neurology,Ann Clin Transl Neurol,2.502,Q1,2019,96,73,89,9,36,13,75,2,17,0.1780821917808219,0.8426966292134831,0.2222222222222222,0.4722222222222222,continue; dbs; debilitating; dystonia; emerge; epilepsy; exponential; limiting,activity growing; addition modulation; applications dbs; applications understanding; brain limiting; brain stimulation; chronic stimulation; conditions obsessive-compulsive,Deep Brain Stimulation; Epilepsy
30655032,2019,The American journal of geriatric psychiatry : official journal of the American Association for Geriatric Psychiatry,Am J Geriatr Psychiatry,1.581,Q1,2019,137,92,130,10,45,9,97,0,6,0.0978260869565217,0.7461538461538462,0.0,0.1333333333333333,clinician; coordinating; far-reaching; informant-reported; integral; inventory-questionnaire; sit; uniform,aims examine; alzheimer coordinating; among apathy; apathy approximately; apathy based; apathy cdr; apathy core; apathy integral,
30654901,2019,International journal of medical informatics,Int J Med Inform,0.96,Q1,2019,192,132,176,14,91,17,166,3,46,0.1287878787878787,0.9431818181818182,0.2142857142857142,0.5054945054945055,achieving; acquainted; adopting; advantageous; apartment; faces; in-home; inductive,accuracy issues; achieving system; acquainted system; activities particular; adjusting care; adopting monitoring; adopting qualitative; adoption although,"Monitoring, Ambulatory; Nurses; Workflow"
30646339,2018,JAMA network open,JAMA Netw Open,,-,2018,186,101,155,13,78,8,123,0,16,0.0792079207920792,0.7935483870967742,0.0,0.2051282051282051,cautiously; continue; meta-database; minorities; must; random-effects; specified; stratifying,across studies; adas-cog across; adas-cog considered; adas-cog linear; adas-cog receiving; agents post; allow participants; alone combined,
30646251,2018,JAMA network open,JAMA Netw Open,,-,2018,209,126,186,17,136,10,148,1,50,0.0793650793650793,0.7956989247311828,0.0588235294117647,0.3676470588235294,c-reactive; confounders; crp; december; episode; incident; interquartile; low-grade,absence cardiovascular; adjusting confounders; age last; alleles followed; among apoe4; apoe2 carriers; apoe2 genotypes; apoe3 apoe2,C-Reactive Protein
30646141,2018,JAMA network open,JAMA Netw Open,,-,2018,185,117,160,14,91,19,135,1,37,0.1623931623931624,0.84375,0.0714285714285714,0.4065934065934066,accounting; adolescence; adolescent; aptitudes; at-risk; early-life; expenditures; gender-specific,abilities language; ability contribute; ability explore; ability medicare-recorded; ability potential; ability risk; accounting demographic; adolescence associated,Educational Measurement
30643396,2019,Clinical interventions in aging,Clin Interv Aging,1.001,Q1,2019,65,52,63,7,21,5,47,2,13,0.0961538461538461,0.746031746031746,0.2857142857142857,0.6190476190476191,architecture; disease-altering; locus; rab10; resilience,architecture means; date disease-altering; developed therapeutics; discovery rare; disease example; disease mainly; disease resilience; disease-altering therapeutics,3' Untranslated Regions; rab GTP-Binding Proteins
30642737,2019,"Clinical nutrition (Edinburgh, Scotland)",Clin Nutr,1.896,Q1,2019,207,111,172,9,36,25,143,3,22,0.2252252252252252,0.8313953488372093,0.3333333333333333,0.6111111111111112,acidophilus; assessment-insulin; attenuating; bifidobacterium; bifidum; c-reactive; cfu; co-supplementation,abnormalities attenuating; acidophilus bifidobacterium; addition subjects; additionally probiotic; antioxidant capacity; assessment-insulin resistance; assigned receive; attenuating inflammation,C-Reactive Protein; Probiotics; Selenium
30638753,2019,Biomaterials,Biomaterials,3.005,Q1,2019,123,92,112,22,231,16,94,8,186,0.1739130434782608,0.8392857142857143,0.3636363636363636,0.8051948051948052,bor; borneol; cyclodextrin; esterases; mesoporous; mitigated; mse; mse-res,ability multi-channel; allowing nanosystem; alone mse; amyloid proteins; associated success; based borneol; bbb subsequently; better pharmacokinetic,"Camphanes; Drug Synergism; Nanoconjugates; Porosity; Protein Aggregation, Pathological"
30638083,2019,International journal of neural systems,Int J Neural Syst,1.32,Q1,2019,194,131,179,15,105,19,147,1,33,0.1450381679389313,0.8212290502793296,0.0666666666666666,0.3142857142857143,architecture; assisting; character; compensate; fronto-temporal; helping; hub-like; hubs,adaptation neurodegeneration; adaptive character; aging changes; aging cohort; although lobar; analysis topological; appear adaptive; architecture described,Healthy Aging
30635988,2019,Journal of magnetic resonance imaging : JMRI,J Magn Reson Imaging,1.852,Q1,2019,217,143,197,16,120,43,181,5,83,0.3006993006993007,0.9187817258883249,0.3125,0.6916666666666667,acquisitions; adulthood; anova; assurance; canadian; cards; cdip-pcid; cnr,acquisition measurement; acquisitions measures; across adulthood; adulthood due; aging harmonized; aging neurodegeneration; analyses present; anova tukey,"Canada; Phantoms, Imaging; Quality Assurance, Health Care; Quality Control; Signal-To-Noise Ratio"
30630806,2018,Pakistan journal of pharmaceutical sciences,Pak J Pharm Sci,0.321,Q2,2018,167,80,122,11,55,4,92,2,32,0.05,0.7540983606557377,0.1818181818181818,0.5818181818181818,acetyltransferase; aerobic; chat; colorimetry,acetyltransferase chat; ache activity; ache content; ache hippocampus; action alzheimer; activity decreased; activity hippocampus; activity increased,"Choline O-Acetyltransferase; Physical Conditioning, Animal"
30627643,2018,eNeuro,eNeuro,2.218,Q1,2018,121,84,111,20,190,12,97,8,126,0.1428571428571428,0.8738738738738738,0.4,0.6631578947368421,begins; cycling; estradiol; estrogen-dominant; excitability; gonadectomy; happ; happ-j20,ad-related deficits; ad-related network; alter substrates; alterations female; alterations neural; alzheimer-related cognitive; attenuated ad-related; begins several,Brain Waves; Castration; Convulsants; Estradiol; Menstrual Cycle
30627575,2018,BioMed research international,Biomed Res Int,0.795,Q2,2018,158,84,133,11,55,15,112,2,24,0.1785714285714285,0.8421052631578947,0.1818181818181818,0.4363636363636363,ad-dementia; ad-mci; ad-mild; anchored; covariance; dmn; icn; icns,ad-dementia enrolled; ad-dementia group; ad-dementia groups; ad-mci ad-dementia; ad-mci group; ad-mild cognitive; affect pathologic; affects amyloid,Gray Matter; Nerve Net
30624431,2018,Acta neurobiologiae experimentalis,Acta Neurobiol Exp (Wars),0.598,Q2,2018,167,109,152,12,66,13,110,3,36,0.1192660550458715,0.7236842105263158,0.25,0.5454545454545454,aluminum; cautious; chia; emerge; hispanica; ineffective; omega; pretreated,acids thought; although results; aluminum chloride; aluminum induced; amyloid amyloid; animals despite; animals received; animals remarkably,Aluminum Chloride; Salvia; Salvia miltiorrhiza
30623832,2019,"Environmental pollution (Barking, Essex : 1987)",Environ Pollut,1.673,Q1,2019,146,96,128,6,15,15,114,3,12,0.15625,0.890625,0.5,0.8,aggravate; akt; ambient; autophagosome; autophagosome-lysosome; autophagy; carbon; cross,accumulation alzheimer-like; accumulation caused; accumulation meanwhile; activate ubiquitination; activated ubc; additionally found; aggravate p-tau; aimed explore,Autophagy; Carbon; Neuroblastoma
30616208,2019,Neurobiology of aging,Neurobiol Aging,2.352,Q1,2019,96,55,79,13,78,10,67,4,49,0.1818181818181818,0.8481012658227848,0.3076923076923077,0.6282051282051282,adad; autosomal; dominantly; first-degree; inherited; mutation-positive; noncarriers; relatives,adad family; adad mutation; adad mutations; adad patients; adad predictive; alzheimer network; among cognitively; assess reported,"Genes, Dominant; Heterozygote; Observational Studies as Topic; Seizures"
30616143,2019,Stem cell research,Stem Cell Res,0.772,Q2,2019,62,47,55,13,78,13,49,6,61,0.2765957446808511,0.8909090909090909,0.4615384615384615,0.782051282051282,dermal; episomal; ipscs; klf4; l-myc; lin28; meox2; oct3,cause familial; cells ipscs; dermal fibroblasts; disease dermal; disease meox2; drug testing; employing episomal; episomal plasmids,Base Sequence; Cell Culture Techniques; Homeodomain Proteins; Induced Pluripotent Stem Cells; Kruppel-Like Factor 4
33463291,2020,ACS biomaterials science & engineering,ACS Biomater Sci Eng,1.299,Q1,2020,170,124,165,6,15,34,153,0,2,0.2741935483870967,0.9272727272727272,0.0,0.1333333333333333,amyloidoses; annealing; arrangement; axial; benign; bonds; cast; configurations,active proximate; agents electron; agents neurodegeneration; aggregate intrastrain; aggregates model; aggregates prove; aggregates results; aggregates toxic,
33243028,2019,Biodemography and social biology,Biodemography Soc Biol,0.888,Q1,2019,117,88,111,7,21,21,100,3,15,0.2386363636363636,0.9009009009009008,0.4285714285714285,0.7142857142857143,asset; causally; choose; far-reaching; hold; holdings; hrs; iras,account observed; accounts correlation; age extended; age pgs; asset holdings; asset types; behavior nationally; capacity iii,Correlation of Data; Financial Statements; Multifactorial Inheritance
32375155,2019,Neuro-degenerative diseases,Neurodegener Dis,1.075,Q2,2019,101,71,87,14,91,10,69,1,29,0.1408450704225352,0.7931034482758621,0.0714285714285714,0.3186813186813186,abundantly; cd63; exosomes; fluids; milk; nano-sized; p-s396-tau; saliva,abundantly present; amyloid-beta hyperphosphorylated; analysis observe; assay detect; basis early; blood saliva; body fluids; breast milk,Exosomes
32308848,2019,AMIA ... Annual Symposium proceedings. AMIA Symposium,AMIA Annu Symp Proc,0.365,-,2019,98,77,92,20,190,9,78,8,135,0.1168831168831168,0.8478260869565217,0.4,0.7105263157894737,dreaming; evidences; factorization; leveraging; non-dreaming; nsrr; quantifiable; rem,abnormal rem; although sleep; among patterns; applied temporal; biological evidence; brain wave; built unique; change commonly,Brain Waves; Datasets as Topic; Mathematical Concepts; Propensity Score; Sleep
32254802,2019,Journal of materials chemistry. B,J Mater Chem B,1.354,Q1,2019,83,67,80,9,36,9,66,2,15,0.1343283582089552,0.825,0.2222222222222222,0.4166666666666667,autofluorescence; depth; fibril-associated; near-infrared; nir; optical; penetration; self-aggregation,abilities potential; aggregates brain; aggregates vivo; amyloid species; applications mouse; approach diagnosis; article comprehensively; autofluorescence biological,Infrared Rays; Optical Imaging
32222300,2020,Clinics in geriatric medicine,Clin Geriatr Med,1.133,Q1,2020,58,49,54,8,28,1,35,1,13,0.0204081632653061,0.6481481481481481,0.125,0.4642857142857143,reserve,account discrepancy; associated delay; baseline current; biomarkers clinical; brain pathologic; cognition baseline; cognitive reserve; concept cognitive,Asymptomatic Diseases
32209796,2019,Dementia and geriatric cognitive disorders,Dement Geriatr Cogn Disord,1.225,Q1,2019,139,77,119,15,105,8,88,0,23,0.1038961038961039,0.7394957983193278,0.0,0.219047619047619,arise; group-specific; indication; multidomain; parieto-occipital; repercussions; stemming; wmh,additionally temporal; adults patients; age education; age mci; age pathological; aging quantified; arise wmh; associated impairments,
32186116,2019,Journal of traditional Chinese medicine = Chung i tsa chih ying wen pan,J Tradit Chin Med,0.299,Q2,2019,160,95,133,11,55,18,107,2,26,0.1894736842105263,0.8045112781954887,0.1818181818181818,0.4727272727272727,activators; annexin; autophagy; beclin-1; effector; eosin; gavage; haematoxylin,ability alzheimer; ability mouse; accumulation peptides; accumulation protein; activates autophagy; activators beclin-1; addition results; alleviated number,Autophagy; Solutions
32147039,2020,Complementary therapies in medicine,Complement Ther Med,0.653,Q1,2020,131,96,125,5,10,7,103,1,4,0.0729166666666666,0.824,0.2,0.4,array; citations; emergent; interrogated; polyphenol; polyphenolics; september,abnormal accumulation; accumulation neurofibrillary; actions includes; address mechanism; aim research; along therapeutic; antioxidant drug; antioxidant drugs,Polyphenols
32126553,2019,Dementia and geriatric cognitive disorders,Dement Geriatr Cogn Disord,1.225,Q1,2019,158,102,143,9,36,17,115,3,22,0.1666666666666666,0.8041958041958042,0.3333333333333333,0.6111111111111112,achieving; auc; cho; consistency; cronbach; distinguishing; internal; interrater,achieving diagnosis; agreement intra; agreement v-cdr; aims study; assessed internal; assessed v-cdr; assessment excellent; auc auc,Feasibility Studies; Mental Status and Dementia Tests; Vietnam
32118475,2019,Physiological research,Physiol Res,0.583,Q2,2019,110,66,95,8,28,10,75,1,11,0.1515151515151515,0.7894736842105263,0.125,0.3928571428571428,deltae9; edge; ferritin; forming; light; monthage; plaque-free; quantification,accumulated mainly; accumulation around; accumulation follows; age ferritin; age rate; age-related cortical; aging brain; around abeta,Ferritins
32114583,2019,Dementia and geriatric cognitive disorders,Dement Geriatr Cogn Disord,1.225,Q1,2019,142,108,137,7,21,15,111,2,13,0.1388888888888889,0.8102189781021898,0.2857142857142857,0.6190476190476191,advancing; allocation; contextualized; dirichlet; disciplines; gaps; high-income; holistic,abstracts content; abstracts research; advancing knowledge; aimed identify; allocation abstracts; among demented; among family; analyze research,International Cooperation; Patient Care Management
32096045,2019,Advances in experimental medicine and biology,Adv Exp Med Biol,0.646,Q2,2019,142,102,137,7,21,22,128,1,11,0.2156862745098039,0.9343065693430656,0.1428571428571428,0.5238095238095238,allocortex; borne; brunt; connectivities; cortico-cortical; distal; early-involved; gradual,abnormal changes; abnormal tau; affected pyramidal; allocortex temporal; alzheimer-related tau; areas first; areas neocortex; association areas,Neocortex
32096043,2019,Advances in experimental medicine and biology,Adv Exp Med Biol,0.646,Q2,2019,79,68,77,8,28,13,62,0,7,0.1911764705882352,0.8051948051948052,0.0,0.25,accompanying; cascades; disrupting; glucocorticoid; initiators; malfunction; misprocessing; neuroplasticity,accompanying high; accumulating clinical; aggregation given; app generation; beta tau; brain pathology; cascades neuroplasticity; causal role,
32096042,2019,Advances in experimental medicine and biology,Adv Exp Med Biol,0.646,Q2,2019,160,117,153,8,28,14,121,0,6,0.1196581196581196,0.7908496732026143,0.0,0.2142857142857142,cognition-related; cutting-edge; data-driven; elucidated; exclusive; hubs; interconnections; light,aberrant proteins; accumulation network; acquire neurotoxicity; across neural; aggregated tau; along cognition-related; alterations pathological; among brain,
32096041,2019,Advances in experimental medicine and biology,Adv Exp Med Biol,0.646,Q2,2019,117,97,114,7,21,21,99,0,4,0.2164948453608247,0.868421052631579,0.0,0.1904761904761904,ad-type; allied; capturing; chemotypes; contrasts; demonstrating; deteriorations; drawbacks,ad-type tau; agents tau; aggregates implicated; aggregates potentially; allied neurodegenerative; allowing diagnostic; applied positron; approaches diseases,
32096039,2019,Advances in experimental medicine and biology,Adv Exp Med Biol,0.646,Q2,2019,94,71,89,7,21,9,70,0,2,0.1267605633802817,0.7865168539325843,0.0,0.0952380952380952,autosomal; breakthroughs; crossroads; discoveries; neuropathologically; nfts; redefining; shortly,advances imaging; amyloid major; amyloid predominant; analysis biomarkers; app type1; autosomal dominant; biology human; biomarkers mouse,
32096024,2019,Advances in experimental medicine and biology,Adv Exp Med Biol,0.646,Q2,2019,184,123,171,7,21,36,158,1,6,0.2926829268292683,0.9239766081871345,0.1428571428571428,0.2857142857142857,adopt; aggregate-mediated; assembled; begin; compositions; conformers; conserved; cross,abundant filamentous; acid isoform; acids contrast; acids well; acids wide; adopt combined; adopts cross; adopts fold,Pick Disease of the Brain
32089828,2019,F1000Research,F1000Res,1.235,Q1,2019,180,128,170,14,91,37,146,0,24,0.2890625,0.8588235294117647,0.0,0.2637362637362637,absent; actin-interaction; antigens; atpase; autoantibodies; autoantibody; autoimmunity; bead-bound,absent control; actin-interaction protein; adapted method; additional eleven; although link; analyzed mass; antibodies digested; antibodies incubated,
32082407,2019,Computational and mathematical methods in medicine,Comput Math Methods Med,0.414,Q3,2019,161,108,150,23,253,12,111,1,83,0.1111111111111111,0.74,0.0434782608695652,0.3280632411067193,acc; class-specific; classify; dictionary; difficulty; non-class-specific; nonlinearly; pmci,acc achieved; accuracy acc; achieved classification; aiming computer-aided; algorithm combination; amongst age-related; analysis conversely; analysis kda,Machine Learning
32065917,2020,Neurobiology of aging,Neurobiol Aging,2.352,Q1,2020,117,86,109,15,105,20,98,6,71,0.2325581395348837,0.8990825688073395,0.4,0.6761904761904762,amyloidopathy; amyloidopathy-associated; burst; clamp; depolarizing; firing; hippocampal-thalamo-cortical; hippocampal-thalmo-cortical,action potential; action potentials; activity nucleus; alterations intrinsic; alterations nucleus; alterations t-type; altered intrinsic; amyloidopathy mice,Action Potentials; Calcium Channels; Membrane Potentials; Midline Thalamic Nuclei; Patch-Clamp Techniques
32062666,2019,Neuro-degenerative diseases,Neurodegener Dis,1.075,Q2,2019,135,103,124,3,3,20,104,0,0,0.1941747572815534,0.8387096774193549,0.0,0.0,additively; aggravated; alters; blood-based; comorbidity; converge; dysregulated; end-organ,abnormalities part; accelerated aggravated; additively cognitive; aggravated cardiovascular; aging accelerated; aims provide; alters regulation; believed contribute,
32057309,2020,Progress in brain research,Prog Brain Res,0.429,Q3,2020,225,159,211,5,10,16,197,1,6,0.10062893081761,0.933649289099526,0.2,0.6,dyrk1a; experimentation; gaba-mediated; inadequacy; invaluable; investment; laboratories; mimic,ability mimic; account changes; account discrepancy; alone chapter; alterations adult; alterations available; alterations observed; alterations responsible,"Translational Research, Biomedical"
32057308,2020,Progress in brain research,Prog Brain Res,0.429,Q3,2020,109,84,102,6,15,7,91,1,7,0.0833333333333333,0.8921568627450981,0.1666666666666666,0.4666666666666667,chromosomal; endo-lysosomal; endocytosis; light; outline; players; triplication,abnormalities endo-lysosomal; abnormalities set; app amyloid; biomarkers endo-lysosomal; biomarkers review; causative role; caused triplication; cellular biomarkers,Lysosomes
32057307,2020,Progress in brain research,Prog Brain Res,0.429,Q3,2020,50,40,46,5,10,1,36,0,3,0.025,0.782608695652174,0.0,0.3,ad-ds,ad-ds mouse; ad-ds review; addition suggest; causes dementia; chromosome people; context trisomy; dementia ad-ds; developing early,
32048245,2020,Pharmacological reports : PR,Pharmacol Rep,0.807,Q2,2020,151,95,131,13,78,22,105,2,32,0.231578947368421,0.8015267175572519,0.1538461538461538,0.4102564102564102,administering; chitosan; diphtheria; dt-administrated; dt-loaded; empty; encapsulated; encapsulation,administering chitosan; administering empty; aimed evaluating; animals learning; animals showed; approximately encapsulation; average diameter; behavioral learning,"Administration, Intranasal; Diphtheria Toxoid"
32045917,2019,Neuro-degenerative diseases,Neurodegener Dis,1.075,Q2,2019,143,106,137,7,21,26,124,2,14,0.2452830188679245,0.9051094890510948,0.2857142857142857,0.6666666666666666,accepted; collagenosis; drainage; fluids; internal; jugular; leukoaraiosis; lumen,accepted feature; aging alz-heimer; aging modulate; aging parkinson; around periventricular; associated susceptibility-weighted; association deep; association venous,Cerebral Veins; Leukoaraiosis
32045913,2019,Dementia and geriatric cognitive disorders,Dement Geriatr Cogn Disord,1.225,Q1,2019,141,103,130,14,91,21,112,3,53,0.203883495145631,0.8615384615384616,0.2142857142857142,0.5824175824175825,arabic; back-up; bilingual; bilingualism; bilinguals; compensation; farsi; fluencies,ages onset; alzheimer clinical; among bilinguals; approximately years; arabic others; availability back-up; back-up either; bilingual patients,Emigrants and Immigrants; Mental Status and Dementia Tests; Multilingualism
32037030,2020,Annales pharmaceutiques francaises,Ann Pharm Fr,,,2020,161,79,125,17,136,15,111,4,76,0.189873417721519,0.888,0.2352941176470588,0.5588235294117647,eighty-two; fifty-two; frailty; high-risk; incorporated; inform; offerings; pharmacies,accessible health; according caregivers; aim referring; assess caregiver; attitudes knowledge; attitudes participants; attitudes toward; burden according,Caregiver Burden; Pharmacies; Pharmacists; Pharmacy Technicians
32029236,2020,Neurobiology of aging,Neurobiol Aging,2.352,Q1,2020,124,81,111,14,91,7,92,1,20,0.0864197530864197,0.8288288288288288,0.0714285714285714,0.2197802197802197,abnormality; apoe-specific; control-like; cutoffs; influences; normality; pharmacog,abnormality cutoffs; accumulation considered; accuracy identifying; ad-like intermediate; age apoe; although age; apoe dependent; apoe influences,Heterozygote
32009339,2019,The international tinnitus journal,Int Tinnitus J,,,2019,118,86,108,3,3,8,88,1,2,0.0930232558139534,0.8148148148148148,0.3333333333333333,0.6666666666666666,accredited; assignment; at-risk; hearing; incipient; isolation; partially; predisposition,accredited hypothesis; aimed investigating; another hypothesis; aspects management; assignment cognitive; association hearing; association still; at-risk patients,Hearing Loss
32008856,2020,Neurobiology of aging,Neurobiol Aging,2.352,Q1,2020,112,72,100,13,78,3,73,1,27,0.0416666666666666,0.73,0.0769230769230769,0.3461538461538461,bfm; high-educated; reserve,activity upregulated; among high-educated; analyzed education; appears compensatory; bfm among; bfm comparison; bfm volume; changes included,Glucose
32008518,2019,Current medical imaging reviews,Curr Med Imaging Rev,0.153,Q4,2019,168,117,154,15,105,16,117,0,13,0.1367521367521367,0.7597402597402597,0.0,0.1238095238095238,atrophies; authentic; ca2; ca4; icbm; mni; montreal; morphometric,adni divided; ageing based; ageing development; analyzed subfield-level; analyzing baseline; anatomical complex; atlas ninety; atrophies group,
32008517,2019,Current medical imaging reviews,Curr Med Imaging Rev,0.153,Q4,2019,162,110,151,10,45,20,118,1,14,0.1818181818181818,0.7814569536423841,0.1,0.3111111111111111,ad-mci; ad-nc; adnc; co-occurrence; cropped; filters; fisher; gabor,according cognitive; accuracy ad-nc; accuracy proposed; accurate svm; acquired texture; ad-mci ad-nc; ad-mci adnc; ad-nc mci-nc,Deep Learning
32007991,2019,Dementia and geriatric cognitive disorders,Dement Geriatr Cogn Disord,1.225,Q1,2019,124,96,115,14,91,18,84,3,45,0.1875,0.7304347826086957,0.2142857142857142,0.4945054945054945,abduction; behalf; exercises; gpr; gymnastics; inhalation; ninety; organize,abduction arms; acquire greater; age therapy; alternative therapy; always given; applied ninety; arms deep; behalf significant,Breathing Exercises; Exercise Therapy; Mental Status and Dementia Tests
32006858,2020,"Bioelectrochemistry (Amsterdam, Netherlands)",Bioelectrochemistry,0.927,Q1,2020,124,89,120,14,91,19,107,7,78,0.2134831460674157,0.8916666666666667,0.5,0.8571428571428571,autophagic; autophagy; charge; dpv; favours; immobilized; mercapto-1-hexanol; mixed,affinity apoe4; aggregates brain; amyloid-beta aggregates; apoe apoe4; apoe isoforms; apoe2 best; apoe2 investigated; apoe3 apoe2,Apolipoprotein E2; Apolipoprotein E3; Base Sequence; Electrochemical Techniques; Immobilized Nucleic Acids
31993048,2019,Frontiers in immunology,Front Immunol,2.021,Q1,2019,142,114,137,6,15,21,118,1,6,0.1842105263157894,0.8613138686131386,0.1666666666666666,0.4,agonists; amyloids; attacks; autoimmune; coexists; deadly; destruction; destructions,absence islet; activate innate; activated local; activity mediated; ad-related brain; administration amyloidogenic; agonists rather; although reports,Autoimmunity
31991443,2019,Dementia and geriatric cognitive disorders,Dement Geriatr Cogn Disord,1.225,Q1,2019,144,89,130,15,105,7,95,0,17,0.0786516853932584,0.7307692307692307,0.0,0.1619047619047619,annually; nonparallel; paralleled; steady; tau-related; time-dependent; transitioned,across diagnostic; aging mild; analyzed plasma; annually correlate; baseline annually; beta tau; biochemical data; biomarkers differed,
31987214,2020,Talanta,Talanta,1.152,Q1,2020,125,102,123,5,10,11,96,1,5,0.1078431372549019,0.7804878048780488,0.2,0.5,alternatives; biosensing; biosensors; brings; introduce; methodologies; miniaturized; nanomaterials,accessibility diagnosis; accessible part; accurate portable; advancements signal; advances biosensors; affects million; ageing estimated; alternatives simple,Electrochemical Techniques
31986345,2020,Neurobiology of aging,Neurobiol Aging,2.352,Q1,2020,115,79,99,11,55,9,85,2,39,0.1139240506329113,0.8585858585858586,0.1818181818181818,0.7090909090909091,antagonism; cyslt; cyslt1; cyslt2; cyslts; cysteinyl; insults; leukotriene,actions mainly; activated different; activating type; activation cyslt1; advances link; age-related cerebrovascular; antagonism neuroinflammation; anti-inflammatory potentials,"Brain Diseases; Receptors, Leukotriene"
31982202,2020,Neurobiology of aging,Neurobiol Aging,2.352,Q1,2020,199,119,172,18,153,28,145,4,96,0.2352941176470588,0.8430232558139535,0.2222222222222222,0.6274509803921569,actin; autophagy; caspase-cleaved; coiled-coil; detail; fasudil; forming; glaucoma,actin cytoskeleton; activated autophagy; activated levels; activated major; affinity microtubules; aggregate thereby; applied prevent; autophagy proteasome,Autophagy; Proteasome Endopeptidase Complex; Proteolysis; rho-Associated Kinases
31980280,2020,Neurobiology of aging,Neurobiol Aging,2.352,Q1,2020,111,72,96,12,66,4,66,1,24,0.0555555555555555,0.6875,0.0833333333333333,0.3636363636363636,neuroanatomical; partially; progranulin; thickening,activated microglia; addition higher; assessed whether; associated cortical; association progranulin; brain swelling; changes preclinical; classified groups,Progranulins
31980278,2020,Neurobiology of aging,Neurobiol Aging,2.352,Q1,2020,104,60,91,13,78,11,74,4,53,0.1833333333333333,0.8131868131868132,0.3076923076923077,0.6794871794871795,bulb; fronto-temporal; hyposmia; insula; pdd; piriform; seed-based; seed-region-of-interest,analysis left; approach compared; areas group; bulb group; bulb olfactory; common alzheimer; compared resting-state; connectivity pdd,Nerve Net; Olfaction Disorders; Olfactory Bulb; Piriform Cortex
31976026,2019,Oxidative medicine and cellular longevity,Oxid Med Cell Longev,1.388,Q1,2019,121,95,115,18,153,14,100,0,62,0.1473684210526315,0.8695652173913043,0.0,0.4052287581699346,adjuvant; anti-ad; antiapoptotic; apoptosis-related; dismantling; ginseng; herb; herbal,aberrant upregulation; abnormal acetylcholinesterase; acetylcholinesterase function; achieve best; achieved inhibiting; achieved multitargets; adjuvant roles; analysis components,
31975662,2019,Current medical imaging reviews,Curr Med Imaging Rev,0.153,Q4,2019,145,105,135,15,105,10,103,1,33,0.0952380952380952,0.762962962962963,0.0666666666666666,0.3142857142857143,co-occurrence; dglcm; falls; gabor; glcm; morphometric; multi-feature; multiclass,accurate classification; achieved correct; approach efficient; approaches indicate; atrophy shown; based multi-feature; based texture; better mci,Confidence Intervals
31955914,2020,Biological psychiatry,Biol Psychiatry,5.76,Q1,2020,178,124,166,9,36,24,149,2,22,0.1935483870967742,0.8975903614457831,0.2222222222222222,0.6111111111111112,axis; bag3; bioinformatics; cdk5-bag3-hsp70; cdk5-mediated; destabilized; dyshomeostasis; etiological,aberrant cdk5-mediated; ad-related mice; among candidates; analyzed quantitative; assays investigate; assays performed; associated regulatory; axis plays,"Adaptor Proteins, Signal Transducing; Apoptosis Regulatory Proteins"
31947315,2019,Annual International Conference of the IEEE Engineering in Medicine and Biology Society. IEEE Engineering in Medicine and Biology Society. Annual International Conference,Annu Int Conf IEEE Eng Med Biol Soc,,,2019,100,77,95,4,6,9,73,0,0,0.1168831168831168,0.7684210526315789,0.0,0.0,aec; amplitude; conduction; envelope; mscoh; oscillators; pli; sub,abnormalities spontaneous; aec increase; aec phase; aec pli; although three; amplitude envelope; applied synthetic; band widespread,
31947167,2019,Annual International Conference of the IEEE Engineering in Medicine and Biology Society. IEEE Engineering in Medicine and Biology Society. Annual International Conference,Annu Int Conf IEEE Eng Med Biol Soc,,,2019,113,80,106,4,6,16,92,0,1,0.2,0.8679245283018868,0.0,0.1666666666666666,avoid; beta-1; beta-2; beta1; disrupts; embedding; frequency-dependent; non-overlapping,activity divided; alpha beta-1; alterations non-stationarity; analyses main; analysis trend; avoid spurious; band study; bands delta,
31946858,2019,Annual International Conference of the IEEE Engineering in Medicine and Biology Society. IEEE Engineering in Medicine and Biology Society. Annual International Conference,Annu Int Conf IEEE Eng Med Biol Soc,,,2019,103,74,91,6,15,8,57,1,7,0.1081081081081081,0.6263736263736264,0.1666666666666666,0.4666666666666667,classify; denotes; fnirs; hemodynamic; labelled; near-infrared; slope; t-values,accuracies lda; achieve objective; aging society; aim classify; averaged subjects; calculated find; channels averaged; channels brain,Hemodynamics
31946844,2019,Annual International Conference of the IEEE Engineering in Medicine and Biology Society. IEEE Engineering in Medicine and Biology Society. Annual International Conference,Annu Int Conf IEEE Eng Med Biol Soc,,,2019,179,116,161,9,36,19,142,1,14,0.1637931034482758,0.8819875776397516,0.1111111111111111,0.3888888888888889,argue; corroborate; curing; dfc; diseased; favor; featuring; filtered,alterations neuroimaging; analyses fmri; anatomical functional; approach found; approach motivated; approaches learn; approaches several; argue favor,Deep Learning
34756235,2020,Life sciences in space research,Life Sci Space Res (Amst),0.508,Q2,2020,158,100,139,10,45,9,114,0,0,0.09,0.8201438848920863,0.0,0.0,charged; corroborate; irradiated; protons; radiation-induced; sham-irradiated; solar; spe,able pass; acquire amyloid; activation oxidative; age demonstrated; age evaluated; age found; age iron; alter amyloid,
33633844,2020,F1000Research,F1000Res,1.235,Q1,2020,159,127,154,8,28,32,132,2,15,0.2519685039370078,0.8571428571428571,0.25,0.5357142857142857,acsm1; apba2; aplp1; bcl2l; born; chr; col18a1; copies,absence chr; acsm1 apba2; age age; age due; age hereditary; alone cause; analysis genesets; analysis transcription,DNA-Binding Proteins; Muscle Proteins
34393677,2020,Alzheimer's & dementia : the journal of the Alzheimer's Association,Alzheimers Dement,5.45,Q1,2020,91,70,87,12,66,12,79,2,28,0.1714285714285714,0.9080459770114944,0.1666666666666666,0.4242424242424242,attenuating; captured; collections; cpg; dinucleotides; epigenomic; innate; methylome-wide,activated microglia; advanced age; age develop; analyses neurofibrillary; analyses three; apoe alzheimer; appears attenuate; associated attenuated,Epigenomics; Heterozygote
34316365,2020,F1000Research,F1000Res,1.235,Q1,2020,74,57,70,6,15,11,53,1,6,0.1929824561403508,0.7571428571428571,0.1666666666666666,0.4,delirium; frailty; glycaemic; glycated; glycemic; hba1c; hemoglobin; hyper,advanced phase; advanced phases; affected type; bpsd delirium; bpsd frailty; cga including; common advanced; complete metabolic,Glycemic Control
34233431,2020,Biomolecular concepts,Biomol Concepts,1.475,Q1,2020,99,79,93,4,6,8,81,2,5,0.1012658227848101,0.8709677419354839,0.5,0.8333333333333334,anti-ad; anti-aging; chest; disease-preventing; plants; prospects; societal; unsuccessful,addition phytochemicals; agents addition; agents natural; agents several; agents unsuccessful; aging society; aimed treating; analogs aimed,Biological Products; Phytochemicals
34179863,2020,The lancet. Healthy longevity,Lancet Healthy Longev,,,2020,257,137,210,14,91,22,171,3,52,0.1605839416058394,0.8142857142857143,0.2142857142857142,0.5714285714285714,acrophase; actigraphy; amplitude; bidirectional; brightfocus; chicago; circadian; cox,accelerated aging; acrophase interdaily; acrophase representing; actigraphy four; actigraphy quantify; activities actigraphy; activity rhythm; adults aged,Actigraphy; Chronobiology Disorders; Community-Based Participatory Research
34171052,2020,Romanian journal of morphology and embryology = Revue roumaine de morphologie et embryologie,Rom J Morphol Embryol,0.387,Q3,2020,98,83,95,6,15,10,76,0,3,0.1204819277108433,0.8,0.0,0.2,adjunctive; crossroad; hormonal; informally; insidious; mimic; name; resistance,adding third; adjunctive treatment; aims highlight; approach recent; approached crossroad; behavioral changes; brain insulin; certain patients,
34037540,2020,Biomedical physics & engineering express,Biomed Phys Eng Express,0.331,Q2,2020,166,104,153,12,66,18,134,5,47,0.173076923076923,0.8758169934640523,0.4166666666666667,0.7121212121212122,amyloid-like; carlo; dedicated; histology; kev; mgy; monte; phantoms,allowing dose; amyloid targets; amyloid-like fibril; anatomy found; approach allowing; assessment alzheimer; behavior planar; brain safe,"Amyloidogenic Proteins; Feasibility Studies; Scattering, Small Angle; X-Ray Diffraction; X-Rays"
33936504,2020,AMIA ... Annual Symposium proceedings. AMIA Symposium,AMIA Annu Symp Proc,0.365,-,2020,103,79,96,6,15,11,69,0,3,0.1392405063291139,0.71875,0.0,0.2,amounts; cnn; cnns; convolutional; densecnn; densely; hippocampus-based; lightweight,ability behavior; accurate lightweight; adni databases; affecting human; amounts training; analyses mainly; average accuracy; based hippocampus,
33936446,2020,AMIA ... Annual Symposium proceedings. AMIA Symposium,AMIA Annu Symp Proc,0.365,-,2020,99,68,90,5,10,12,82,1,5,0.1764705882352941,0.9111111111111112,0.2,0.5,broadening; dropping; enroll; generalizability; hesitant; investigators; leveraging; rationalize,adjustments eligibility; administration guidance; affect generalizability; algorithm assessed; argued broadening; assess adjustments; assessed changes; assessment algorithm,Eligibility Determination
33936415,2020,AMIA ... Annual Symposium proceedings. AMIA Symposium,AMIA Annu Symp Proc,0.365,-,2020,93,61,85,12,66,7,75,2,36,0.1147540983606557,0.8823529411764706,0.1666666666666666,0.5454545454545454,implicitly; ofa; ofcandidate; ofimaging; polygenic; promise; prs,aggregate genetic; analysis comprises; applied proposed; biomarkers statistical; cohorts study; comprises polygenic; demonstrated promise; detect underlying,Mediation Analysis; Multifactorial Inheritance
33936412,2020,AMIA ... Annual Symposium proceedings. AMIA Symposium,AMIA Annu Symp Proc,0.365,-,2020,107,72,94,7,21,13,81,1,9,0.1805555555555555,0.8617021276595744,0.1428571428571428,0.4285714285714285,amounts; cox; ehrs; implementing; individual-level; leverage; odac; ofpatients,adrd onsets; adrd patients; adrd ultimately; adrd vast; advance clinical; algorithm cox; algorithms developed; algorithms large,Electronic Health Records
33789287,2020,Neuro-degenerative diseases,Neurodegener Dis,1.075,Q2,2020,135,94,122,5,10,13,95,0,0,0.1382978723404255,0.7786885245901639,0.0,0.0,align; atn; factorial; karolinska; kids; limbic-predominant; mixed; naturalistic,abnormalities wmsas; adni naturalistic; adni younger; align recent; analysis mixed; association atrophy; associations subtypes; atn classification,
33633739,2020,Frontiers in immunology,Front Immunol,2.021,Q1,2020,92,82,87,21,210,10,69,10,180,0.1219512195121951,0.7931034482758621,0.4761904761904761,0.8571428571428571,cascades; ceramides; elaborate; panels; pro; pro-resolving; proxies; resolve,acids metabolites; affect ongoing; anti-inflammatory signaling; approaches resolve; bioactive lipids; biomarker panels; cascades central; ceramides sphingosine-1-phosphate,"Central Nervous System; Ceramides; Fatty Acids, Omega-6; Lipoxygenases; Lysophospholipids"
33613545,2020,Frontiers in immunology,Front Immunol,2.021,Q1,2020,212,151,206,10,45,33,199,4,35,0.2185430463576159,0.9660194174757282,0.4,0.7777777777777778,adp; atp; c5a; calcium; co-culture; cytosolic; disease-associated; homeostatic,ad-related disease; adp well; alzheimer risk; applications high; applied study; applying directed; associated gene; atp adp,Cell Culture Techniques; Cell Differentiation; Induced Pluripotent Stem Cells; Membrane Glycoproteins
33605860,2020,Current Alzheimer research,Curr Alzheimer Res,1.145,Q2,2020,99,64,91,16,120,6,76,4,61,0.09375,0.8351648351648352,0.25,0.5083333333333333,assayed; light; mexican; neurofilament; nfl; simoa,across groups; americans marker; americans normal; americans participants; analyzed difference; assayed simoa; battery neuropsychological; changes cognition,Healthy Volunteers; Independent Living; Mexican Americans; Neurofilament Proteins
33602095,2020,Current Alzheimer research,Curr Alzheimer Res,1.145,Q2,2020,113,91,109,9,36,12,93,0,10,0.1318681318681318,0.8532110091743119,0.0,0.2777777777777778,bi-directional; circuit; crosstalk; disrupts; feed-forward; inducer; intermediator; rage-a,ability bind; actions review; activation via; amyloid-beta production; bi-directional crosstalk; bind broad; brain many; brain review,
33602092,2020,Current Alzheimer research,Curr Alzheimer Res,1.145,Q2,2020,203,138,185,13,78,17,158,3,39,0.1231884057971014,0.8540540540540541,0.2307692307692307,0.5,amelioration; attenuation; cat; forty; high-intensity; hiit; impregnation; mrt,accompanied increased; activation bdnf; activity bdnf; adaptation effects; adaptation followed; adjustment minutes; alzheimer trained; alzheimer untrained,"High-Intensity Interval Training; Neuroprotection; Physical Conditioning, Animal"
33602091,2020,Current Alzheimer research,Curr Alzheimer Res,1.145,Q2,2020,169,109,151,14,91,19,128,4,53,0.1743119266055046,0.847682119205298,0.2857142857142857,0.5824175824175825,angiogenic; attenuating; bc3-tg; bryostatin-1; dbo; encapsulated; latencies; nano-encapsulated,acquisition retention; across acquisition; actions bryostatin-1; activates secretase; activation assays; activation novel; activity greater; ad-associated neural,Bryostatins; In Vitro Techniques; Protein Kinase C; Spatial Learning
33602090,2020,Current Alzheimer research,Curr Alzheimer Res,1.145,Q2,2020,199,127,177,10,45,26,154,2,31,0.2047244094488189,0.8700564971751412,0.2,0.6888888888888889,advantageous; belong; biocompatible; circulate; crystals; injectable; intranasal; mentioned,achieved via; addition current; administration routes; advantageous targeting; affect person; along available; approaches nanotechnology; associated diseases,Drug Administration Routes; Nanotechnology
33602089,2020,Current Alzheimer research,Curr Alzheimer Res,1.145,Q2,2020,174,136,166,6,15,30,150,1,8,0.2205882352941176,0.9036144578313252,0.1666666666666666,0.5333333333333333,a-camp; addiction; alcoholism; ampprotein; articulated; breakthrough; camp; conserved,a-camp response; absence therapeutic; addiction parkinsonism; alcoholism anxiety; ampprotein kinase; amyloid neuronal; anxiety depression; apart various,Cyclic AMP-Dependent Protein Kinases
33602087,2020,Current Alzheimer research,Curr Alzheimer Res,1.145,Q2,2020,182,123,170,17,136,13,137,3,60,0.1056910569105691,0.8058823529411765,0.1764705882352941,0.4411764705882353,amygdalar; amygdalas; auxiliary; basomedial; boost; centromedial; diffeomorphic; employ,abnormalities alzheimer; abnormalities bilateral; abnormalities brain; abnormalities different; accuracy boost; addition group; aimed employ; amygdala automated,Datasets as Topic; Mental Status and Dementia Tests; Prodromal Symptoms
33601398,2020,Neuroimmunomodulation,Neuroimmunomodulation,0.53,Q3,2020,142,95,128,12,66,10,93,1,27,0.1052631578947368,0.7265625,0.0833333333333333,0.4090909090909091,blotting; con; eosin; erk1; hematoxylin; p-erk1; separated; steroid,abilities morphological; activating vdr; active form; adult male; age-matched mice; alleviates cognitive; appswe ps1; bax increased,Vitamin D
33601385,2020,Neuro-degenerative diseases,Neurodegener Dis,1.075,Q2,2020,90,70,83,8,28,9,70,3,19,0.1285714285714285,0.8433734939759037,0.375,0.6785714285714286,anesthetic; complication; enriched; messages; noncardiac; perioperative; pocd; postoperative,aims elucidate; analyze possible; anesthetic factors; attention pocd; beneficial effect; cardiac noncardiac; complication requiring; consequence postoperative,Central Nervous System; Postoperative Cognitive Complications; Postoperative Complications
33593259,2020,Current Alzheimer research,Curr Alzheimer Res,1.145,Q2,2020,159,97,139,12,66,23,121,2,26,0.2371134020618556,0.8705035971223022,0.1666666666666666,0.3939393939393939,amplitudes; asked; attentive; button; centro-parietal; designated; deviant; event-related,adults pre-attentive; affect later; amplitudes comparable; amplitudes erps; amplitudes group; amplitudes standard; amplitudes target; analyzed around,"Evoked Potentials, Visual; Prodromal Symptoms"
33585279,2020,Frontiers in cellular and infection microbiology,Front Cell Infect Microbiol,1.541,Q1,2020,145,104,136,8,28,18,114,2,15,0.173076923076923,0.8382352941176471,0.25,0.5357142857142857,antibiotic; antibiotics; attracting; axis; bacteria; fecal; gastroenterologists; germ-free,acids hippocampus; administration along; administration antibiotics; administration microbiota-based; affected gut; along beneficial; alterations genes; analysis normal,Gastrointestinal Microbiome; Probiotics
33583380,2020,Current Alzheimer research,Curr Alzheimer Res,1.145,Q2,2020,159,114,148,14,91,18,127,0,23,0.1578947368421052,0.8581081081081081,0.0,0.2527472527472527,blindly; brass; concordance; correlating; dice; followup; hermes; hypometabolic,ability identify; abnormal regions; accuracy clinically; across fdg-pet; analysis methods; analysis predicting; assigned diagnosis; automated brain,
33557736,2020,Current Alzheimer research,Curr Alzheimer Res,1.145,Q2,2020,110,65,92,12,66,10,75,1,29,0.1538461538461538,0.8152173913043478,0.0833333333333333,0.4393939393939394,age-atonset; analysis-methylation; cis-trans; isomerase; mca-meth; melting; methylated; pin1,affect gene; age-atonset alzheimer; aimed examine; already methylated; analysis-methylation assay; assay mca-meth; assessed pin1; associated age-atonset,NIMA-Interacting Peptidylprolyl Isomerase
33551755,2020,Frontiers in neural circuits,Front Neural Circuits,1.934,Q1,2020,202,155,193,8,28,29,166,0,12,0.1870967741935484,0.8601036269430051,0.0,0.4285714285714285,activations; caps; chance-level; co-activated; co-activation; co-deactivated; configurations; demonstrating,accuracy chance-level; accuracy results; activated voxels; activations seed; activity predefined; age subsequently; aged mice; alternative methodology,
33551754,2020,Frontiers in neural circuits,Front Neural Circuits,1.934,Q1,2020,252,140,221,12,66,24,187,1,17,0.1714285714285714,0.8461538461538461,0.0833333333333333,0.2575757575757575,between-network; counterpart; detail; dfnc; differentiates; fnc; group-ica; group-independent,abnormal patterns; abnormalities correlated; addition abnormal; additional information; affected addition; affected brain; age-related problem; aging assuming,Nerve Net
33548978,2020,The Egyptian journal of immunology,Egypt J Immunol,0.18,Q3,2020,175,117,155,7,21,9,100,0,5,0.0769230769230769,0.6451612903225806,0.0,0.238095238095238,avoid; fdla; microrna-483-5p; micrornas; mirna; mirna-483-5p; mirnas; moca,accounts dementia; activity fdla; addition still; aimed evaluate; alterations levels; analysis done; apparently healthy; assay plasma,
33488846,2020,Disease markers,Dis Markers,0.867,Q2,2020,148,110,139,16,120,26,112,4,66,0.2363636363636363,0.8057553956834532,0.25,0.55,amyloid-induced; antioxidation; bzip; cysteine; expressions; fibrosarcoma; gathering; gclc,accompanied reduction; across five; among smafs; amyloid strong; amyloid-induced oxidative; antioxidation results; basic region; bzip type,A549 Cells; Hep G2 Cells; MafF Transcription Factor; Nuclear Proteins
33480241,2020,Folia neuropathologica,Folia Neuropathol,0.401,Q3,2020,141,97,129,12,66,12,110,0,7,0.1237113402061855,0.8527131782945736,0.0,0.106060606060606,blotting; cat; contents; haematoxylin-eosin; hcm; herbal; locate; malondialdehyde,ability observed; aimed explore; better spatial; blotting rats; capacity rats; carried pathological; cat glutathione; cat gsh-px,
33480234,2020,Folia neuropathologica,Folia Neuropathol,0.401,Q3,2020,103,68,93,4,6,16,82,1,3,0.2352941176470588,0.8817204301075269,0.25,0.5,aligned; contiguous; distances; fluctuation; fluctuations; fourier; gallyas-stained; inclusions,abundant cellular; aligned parallel; analyse fluctuations; analysis analyse; analysis significant; analysis suggested; analysis useful; association nft,"Spectroscopy, Fourier Transform Infrared"
33480232,2020,Folia neuropathologica,Folia Neuropathol,0.401,Q3,2020,160,110,151,6,15,15,130,2,9,0.1363636363636363,0.8609271523178808,0.3333333333333333,0.6,arrangement; autophagic; cytoskeletal; granule-containing; granulovacuolar; gvd; gvds; histochemistry,abnormalities gvd; accumulation caused; additional neurodegenerative; adults gvd; affects neurons; allows characterization; antibodies cytoskeletal; arrangement throughout,Inclusion Bodies; Vacuoles
